pair,mode,ans,wall_ms,arr_ms,fre_ms,builds,m,K,queries
13962_4238,on,0.027728289171009411207,414.25,11.8510,15.0130,486,51242,20672,19962
13962_4238,off,0.027728289171009411207,413.72,2.2514,19.0740,486,51242,51242,49329
13962_4238,mask-only,0.027728289171009411207,417.15,9.1549,19.1580,486,51242,51242,49329
13388_15738,on,0.010457066077090050593,9.26,0.0000,0.0000,0,0,0,0
13388_15738,off,0.010457066077090050593,8.53,0.0000,0.0000,0,0,0,0
13388_15738,mask-only,0.010457066077090050593,8.47,0.0000,0.0000,0,0,0,0
3110_11704,on,0.080393627106728843268,186.75,4.8265,10.4260,238,21749,4069,3267
3110_11704,off,0.080393627106728843268,188.08,1.0462,17.4220,238,21749,21749,18581
3110_11704,mask-only,0.080393627106728843268,190.91,3.9879,17.6230,238,21749,21749,18581
12501_7252,on,0.020605423314468115925,34.40,0.5150,0.0218,24,2765,433,406
12501_7252,off,0.020605423314468115925,31.47,0.1181,0.0590,24,2765,2765,2622
12501_7252,mask-only,0.020605423314468115925,32.25,0.3565,0.0576,24,2765,2765,2622
10725_2829,on,0.054040554031886969821,154.64,3.3409,13.5510,144,14477,5029,4922
10725_2829,off,0.054040554031886969821,155.81,0.6636,18.3370,144,14477,14477,14215
10725_2829,mask-only,0.054040554031886969821,160.62,2.6392,18.9250,144,14477,14477,14215
12001_15004,on,0.046717400287055475816,48.48,0.7592,1.8156,36,3372,1091,719
12001_15004,off,0.046717400287055475816,46.59,0.1956,2.9156,36,3372,3372,2233
12001_15004,mask-only,0.046717400287055475816,46.57,0.5810,2.7459,36,3372,3372,2233
15818_12700,on,0.062990349420297075955,151.30,4.2258,10.6000,177,18447,6117,5422
15818_12700,off,0.062990349420297075955,61.11,0.3363,5.3785,77,7648,7648,5614
15818_12700,mask-only,0.062990349420297075955,62.51,1.1696,5.2089,77,7648,7648,5614
5987_9300,on,0.11759929077871550396,539.68,5.7251,43.7160,259,24399,7612,7320
5987_9300,off,0.11759929077871550396,587.01,1.1880,92.7700,259,24399,24399,23770
5987_9300,mask-only,0.11759929077871550396,583.63,4.5127,90.8100,259,24399,24399,23770
14551_3143,on,0.062748100339338599984,302.61,3.4248,36.3490,155,15946,3375,2841
14551_3143,off,0.062748100339338599984,325.03,0.6617,63.2670,155,15946,15946,12371
14551_3143,mask-only,0.062748100339338599984,330.26,2.7483,63.0480,155,15946,15946,12371
11350_14909,on,0.087868032152151068215,32.28,0.6308,0.9449,36,3145,818,614
11350_14909,off,0.087868032152151068215,28.67,0.1478,1.8725,36,3145,3145,2605
11350_14909,mask-only,0.087868032152151068215,28.78,0.5191,1.9098,36,3145,3145,2605
10167_4547,on,0.053802264336549616985,251.73,1.7074,16.3140,81,7396,2081,1407
10167_4547,off,0.053802264336549616985,273.50,0.4508,42.9110,107,10485,10485,5866
10167_4547,mask-only,0.053802264336549616985,276.57,1.7659,42.5220,107,10485,10485,5866
5431_2218,on,0.01847810701455327928,505.00,10.3620,73.0770,416,43769,18180,17730
5431_2218,off,0.01847810701455327928,516.99,1.9403,93.1350,416,43769,43769,42610
5431_2218,mask-only,0.01847810701455327928,535.48,7.9043,93.3140,416,43769,43769,42610
15961_1595,on,0.079660955770478963922,41.95,0.6545,0.3721,26,2962,853,478
15961_1595,off,0.079660955770478963922,36.61,0.1559,0.5471,26,2962,2962,1610
15961_1595,mask-only,0.079660955770478963922,39.08,0.5828,0.5513,26,2962,2962,1610
12057_14381,on,0.047631380854940744141,48.54,1.0409,2.0142,40,4414,1661,1080
12057_14381,off,0.047631380854940744141,50.00,0.2233,3.6464,40,4414,4414,3106
12057_14381,mask-only,0.047631380854940744141,50.00,0.7847,3.7717,40,4414,4414,3106
2599_8892,on,0.055378501030101057179,109.09,1.4357,0.0894,109,7762,1447,425
2599_8892,off,0.055378501030101057179,104.32,0.2069,0.1040,79,7096,7096,3446
2599_8892,mask-only,0.055378501030101057179,104.51,0.8826,0.1087,79,7096,7096,3446
6700_7883,on,0.17366249150237195176,214.57,12.8130,53.5650,562,54371,19406,17897
6700_7883,off,0.17366249150237195176,229.63,2.2599,81.1440,564,56672,56672,50298
6700_7883,mask-only,0.17366249150237195176,236.99,10.1830,82.0010,564,56672,56672,50298
9054_15829,on,0.02388999029156020637,566.56,9.7717,67.6100,449,43048,12932,12097
9054_15829,off,0.02388999029156020637,614.22,1.9213,121.5700,449,43048,43048,40551
9054_15829,mask-only,0.02388999029156020637,627.78,7.6272,123.0800,449,43048,43048,40551
9322_2012,on,0.037227410885901160431,24.80,0.4649,0.2355,25,2335,608,357
9322_2012,off,0.037227410885901160431,27.96,0.1136,0.3130,25,2335,2335,1461
9322_2012,mask-only,0.037227410885901160431,27.33,0.3442,0.3180,25,2335,2335,1461
13859_12886,on,0.034479560048055586663,940.42,11.5770,82.1330,521,47865,19764,18647
13859_12886,off,0.034479560048055586663,952.08,2.5418,109.4000,517,47520,47520,44575
13859_12886,mask-only,0.034479560048055586663,947.90,8.8875,108.2100,517,47520,47520,44575
4684_9017,on,0.0031055691630524654909,35.73,0.4309,1.1772,23,1819,509,279
4684_9017,off,0.0031055691630524654909,38.54,0.1346,2.3490,23,1819,1819,1106
4684_9017,mask-only,0.0031055691630524654909,36.44,0.3350,2.3468,23,1819,1819,1106
3394_14356,on,0.035215794234174938038,263.21,9.7672,16.4850,417,43303,13453,11171
3394_14356,off,0.035215794234174938038,251.37,1.3942,19.3360,321,32119,32119,29994
3394_14356,mask-only,0.035215794234174938038,262.84,5.8905,19.5700,321,32119,32119,29994
8403_14307,on,0.033993439484465051703,169.72,5.9370,8.8072,279,26766,9807,9016
8403_14307,off,0.033993439484465051703,166.09,1.1033,12.7780,279,26766,26766,24597
8403_14307,mask-only,0.033993439484465051703,172.98,4.7625,12.8750,279,26766,26766,24597
11389_701,on,0.086945865320273568733,1164.80,18.1340,61.9350,789,78231,24278,24008
11389_701,off,0.086945865320273568733,1211.87,3.8193,107.0100,789,78231,78231,77373
11389_701,mask-only,0.086945865320273568733,1216.55,14.4000,107.3200,789,78231,78231,77373
3256_1456,on,0.000803989903147301916,26.82,0.4608,1.5306,20,1929,720,477
3256_1456,off,0.000803989903147301916,28.32,0.1295,2.0012,20,1929,1929,1379
3256_1456,mask-only,0.000803989903147301916,27.03,0.3344,1.9104,20,1929,1929,1379
12105_2078,on,0.036263644103223732773,42.43,0.5996,0.0829,25,3240,243,186
12105_2078,off,0.036263644103223732773,42.03,0.1385,0.1235,25,3240,3240,2975
12105_2078,mask-only,0.036263644103223732773,42.25,0.4586,0.1231,25,3240,3240,2975
15100_5991,on,0.05678104794673984046,17.32,0.5179,0.1411,54,2632,1010,613
15100_5991,off,0.05678104794673984046,16.07,0.0983,0.2101,54,2632,2632,1871
15100_5991,mask-only,0.05678104794673984046,16.64,0.3451,0.2118,54,2632,2632,1871
2662_741,on,0.006521689361212526688,32.90,0.5160,0.6716,25,2143,784,518
2662_741,off,0.006521689361212526688,32.67,0.1048,1.0529,25,2143,2143,1458
2662_741,mask-only,0.006521689361212526688,33.27,0.4138,1.1728,25,2143,2143,1458
14635_6870,on,0.010307426923868143187,53.18,0.6069,0.3842,23,2706,635,292
14635_6870,off,0.010307426923868143187,51.22,0.1139,0.4886,23,2706,2706,1367
14635_6870,mask-only,0.010307426923868143187,51.35,0.4690,0.4920,23,2706,2706,1367
4941_3915,on,0.004673571682793821111,60.69,4.4459,8.1037,206,18936,7621,6820
4941_3915,off,0.004673571682793821111,58.06,0.7866,11.5190,206,20061,20061,18199
4941_3915,mask-only,0.004673571682793821111,62.63,3.4244,11.4790,206,20061,20061,18199
8901_10528,on,0.066129009548159020659,982.99,12.4300,228.0100,560,51299,17525,16833
8901_10528,off,0.066129009548159020659,1149.45,2.4909,425.5200,561,52811,52811,49954
8901_10528,mask-only,0.066129009548159020659,1154.80,9.7849,422.2200,561,52811,52811,49954
16847_475,on,0.029537035123901544953,17.11,0.1126,0.0024,4,230,89,89
16847_475,off,0.029537035123901544953,13.47,0.0461,0.0053,4,230,230,230
16847_475,mask-only,0.029537035123901544953,13.77,0.0774,0.0048,4,230,230,230
3235_6444,on,0.015681996805762928732,26.38,0.4572,0.0554,24,2308,561,459
3235_6444,off,0.015681996805762928732,25.56,0.0954,0.0589,24,2308,2308,2138
3235_6444,mask-only,0.015681996805762928732,25.11,0.3169,0.0582,24,2308,2308,2138
4769_84,on,0.09312668646895606861,1056.10,24.2620,170.4500,1036,104074,37750,37040
4769_84,off,0.09312668646895606861,1132.08,4.4736,284.6700,1036,104074,104074,101261
4769_84,mask-only,0.09312668646895606861,1180.60,18.4820,289.7800,1036,104074,104074,101261
9279_10248,on,0.026037554033195471626,153.62,2.4356,1.4156,97,11061,3327,2591
9279_10248,off,0.026037554033195471626,136.56,0.4506,2.2008,97,11061,11061,8528
9279_10248,mask-only,0.026037554033195471626,138.59,1.8421,2.2352,97,11061,11061,8528
1406_6571,on,0.022202730585689695042,161.63,4.5919,13.5680,178,19848,5507,4026
1406_6571,off,0.022202730585689695042,163.21,0.8306,24.1150,178,19848,19848,15346
1406_6571,mask-only,0.022202730585689695042,171.69,3.4225,24.5180,178,19848,19848,15346
13736_11294,on,0.070097255414780262894,658.69,17.3430,27.1770,767,79410,11948,11236
13736_11294,off,0.070097255414780262894,771.25,3.3729,178.1200,741,76851,76851,75949
13736_11294,mask-only,0.070097255414780262894,784.33,13.8950,176.2400,741,76851,76851,75949
10939_11649,on,0.096741691334991761209,755.44,21.8870,61.7440,983,101319,16451,16004
10939_11649,off,0.096741691334991761209,788.96,4.1431,127.3100,957,99045,99045,97741
10939_11649,mask-only,0.096741691334991761209,799.42,17.3860,126.2100,957,99045,99045,97741
507_5832,on,0.069266551655682073729,9.74,0.0000,0.0000,0,0,0,0
507_5832,off,0.069266551655682073729,9.93,0.0000,0.0000,0,0,0,0
507_5832,mask-only,0.069266551655682073729,10.40,0.0000,0.0000,0,0,0,0
15301_1221,on,0.0064270674035576107891,319.79,6.9257,49.0000,268,27688,10605,9787
15301_1221,off,0.0064270674035576107891,329.29,1.1653,70.5490,268,27688,27688,25601
15301_1221,mask-only,0.0064270674035576107891,335.82,5.1799,71.0980,268,27688,27688,25601
1100_13092,on,0.019302008191502368489,34.17,0.5730,0.0178,24,2630,270,231
1100_13092,off,0.019302008191502368489,34.05,0.1125,0.0518,24,2630,2630,2539
1100_13092,mask-only,0.019302008191502368489,35.68,0.3730,0.0523,24,2630,2630,2539
600_16573,on,0.022174195555769344451,75.68,0.1156,0.0013,4,361,44,44
600_16573,off,0.022174195555769344451,76.47,0.0558,0.0064,4,361,361,361
600_16573,mask-only,0.022174195555769344451,74.99,0.1047,0.0062,4,361,361,361
1039_6137,on,0.047244226486384960362,677.36,10.9080,38.1500,455,50926,7215,6582
1039_6137,off,0.047244226486384960362,551.21,1.6824,71.8020,338,38349,38349,36853
1039_6137,mask-only,0.047244226486384960362,554.57,6.7922,70.0970,338,38349,38349,36853
391_7752,on,0.057011869478572438363,195.05,2.0660,6.1783,81,9803,2654,1940
391_7752,off,0.057011869478572438363,199.04,0.2805,9.4697,57,6990,6990,5857
391_7752,mask-only,0.057011869478572438363,194.65,1.1945,9.4495,57,6990,6990,5857
9230_3285,on,0.012474720433145793444,275.09,7.4542,42.6080,349,32087,11329,9593
9230_3285,off,0.012474720433145793444,279.08,1.3707,59.0930,349,32087,32087,27388
9230_3285,mask-only,0.012474720433145793444,283.18,5.7448,58.8390,349,32087,32087,27388
3343_6420,on,0.0055558289022877935942,118.03,0.0000,0.0000,0,0,0,0
3343_6420,off,0.0055558289022877935942,105.94,0.0000,0.0000,0,0,0,0
3343_6420,mask-only,0.0055558289022877935942,104.17,0.0000,0.0000,0,0,0,0
3270_16464,on,0.015254167922597863458,265.01,9.0050,23.2830,409,38705,12098,11299
3270_16464,off,0.015254167922597863458,265.01,1.5594,38.9610,409,37338,37338,35451
3270_16464,mask-only,0.015254167922597863458,269.46,6.7315,39.1000,409,37338,37338,35451
13966_16217,on,0.075272415542938758692,218.79,5.5227,10.7320,303,23871,5149,4672
13966_16217,off,0.075272415542938758692,228.89,1.0834,29.6330,303,23871,23871,21893
13966_16217,mask-only,0.075272415542938758692,236.61,4.2422,29.9360,303,23871,23871,21893
7729_2141,on,0.016208313160674600595,62.95,1.0392,0.0898,51,5239,1568,933
7729_2141,off,0.016208313160674600595,60.90,0.1909,0.1350,51,5239,5239,3212
7729_2141,mask-only,0.016208313160674600595,64.14,0.7868,0.1430,51,5239,5239,3212
16510_6413,on,0.018650896061643863766,624.35,26.0050,64.2770,1150,118671,21713,20926
16510_6413,off,0.018650896061643863766,736.39,4.8656,199.5800,1150,118667,118667,114851
16510_6413,mask-only,0.018650896061643863766,759.81,20.7860,196.7200,1150,118667,118667,114851
15668_1509,on,0.022688394829341554382,510.38,10.6170,18.9050,412,45619,11009,10213
15668_1509,off,0.022688392137550660033,174.12,0.7269,11.5650,157,17602,17602,14652
15668_1509,mask-only,0.022688392137550660033,176.01,3.0118,11.5420,157,17602,17602,14652
3377_9182,on,0.077327159563043479373,868.89,18.8380,100.3300,833,84666,20444,19561
3377_9182,off,0.077327159563043479373,939.93,3.9031,187.4900,833,84666,84666,78788
3377_9182,mask-only,0.077327159563043479373,941.21,14.8390,184.2700,833,84666,84666,78788
15460_11607,on,0.094019418457719716731,1286.66,28.6840,129.7500,1049,127299,29656,29305
15460_11607,off,0.094019418457719716731,1328.28,5.5359,226.0900,1033,128735,128735,127583
15460_11607,mask-only,0.094019418457719716731,1375.83,23.2690,229.7600,1033,128735,128735,127583
14988_4860,on,0.12942694413165833911,1533.39,24.8850,208.0700,959,110085,23554,23018
14988_4860,off,0.12942694413165833911,1634.05,4.8497,348.3900,959,110085,110085,108093
14988_4860,mask-only,0.12942694413165833911,1668.24,19.8330,351.9200,959,110085,110085,108093
12005_6155,on,0.068329757972388577292,30.63,0.5767,0.1318,27,3075,594,479
12005_6155,off,0.068329757972388577292,29.19,0.1151,0.1649,27,3075,3075,2925
12005_6155,mask-only,0.068329757972388577292,30.54,0.4149,0.1683,27,3075,3075,2925
15479_9449,on,0.12456550291011225795,78.65,2.3171,8.9255,105,10274,3111,1927
15479_9449,off,0.12456550291011225795,80.80,0.3612,12.8150,79,8684,8684,6038
15479_9449,mask-only,0.12456550291011225795,80.52,1.5914,13.5340,79,8684,8684,6038
3155_12168,on,0.050820422552080579681,315.53,12.4550,18.8310,550,54493,15588,14927
3155_12168,off,0.050820422552080579681,316.99,2.3376,32.4990,550,54493,54493,51288
3155_12168,mask-only,0.050820422552080579681,330.81,9.5786,31.9660,550,54493,54493,51288
2199_15786,on,0.045994290222833647541,217.60,9.3691,6.4693,398,44183,7599,6705
2199_15786,off,0.045994290222833647541,208.19,1.6749,11.9780,398,44183,44183,41943
2199_15786,mask-only,0.045994290222833647541,219.83,7.4683,12.1380,398,44183,44183,41943
1907_16610,on,0.036147415961710449572,73.16,0.6459,1.5457,28,2835,667,298
1907_16610,off,0.036147415961710449572,76.46,0.1637,4.5910,28,2835,2835,1594
1907_16610,mask-only,0.036147415961710449572,74.36,0.5386,4.8079,28,2835,2835,1594
9947_4005,on,0.1011456741182447383,424.41,15.6300,69.1080,652,69702,18812,18220
9947_4005,off,0.1011456741182447383,477.62,2.9740,146.6200,652,69702,69702,67788
9947_4005,mask-only,0.1011456741182447383,488.62,12.5760,148.2600,652,69702,69702,67788
13990_11953,on,0.092980674983741434803,77.73,1.9606,4.5573,81,8352,2596,2130
13990_11953,off,0.092980672256750093729,79.44,0.3598,8.8801,81,8352,8352,7253
13990_11953,mask-only,0.092980672256750093729,83.10,1.4281,9.3832,81,8352,8352,7253
14768_3226,on,0.011604265794892399191,84.31,1.4660,2.2751,85,6421,1611,1207
14768_3226,off,0.011604265794892399191,85.46,0.2542,2.8343,85,6421,6421,5116
14768_3226,mask-only,0.011604265794892399191,84.49,1.0271,2.8792,85,6421,6421,5116
1081_9229,on,0.010628848852747993514,72.44,3.8139,6.4086,158,17109,3183,2949
1081_9229,off,0.010628848852747993514,76.27,0.6996,12.9850,158,17109,17109,16274
1081_9229,mask-only,0.010628848852747993514,81.35,3.0466,13.9340,158,17109,17109,16274
16321_7727,on,0.037095333222417134489,98.28,1.4460,29.7070,52,5775,1700,1084
16321_7727,off,0.037095333222417134489,90.92,0.1645,23.8100,28,2355,2355,1722
16321_7727,mask-only,0.037095333222417134489,91.45,0.4682,23.9940,28,2355,2355,1722
8124_13618,on,0.082395823472128482123,168.71,9.1910,8.3470,383,38671,14780,14719
8124_13618,off,0.082395823472128482123,162.40,1.6570,13.3360,383,38671,38671,38545
8124_13618,mask-only,0.082395823472128482123,170.62,7.1044,13.5970,383,38671,38671,38545
10416_3961,on,0.10098004173603386535,259.42,4.3175,1.8129,62,19220,2849,1447
10416_3961,off,0.10098004173603386535,256.93,0.4582,2.9663,36,11837,11837,7816
10416_3961,mask-only,0.10098004173603386535,260.71,2.1077,3.0798,36,11837,11837,7816
9672_8491,on,0.015228562963558510066,33.34,1.4314,0.1003,48,5684,975,347
9672_8491,off,0.015228559332784434577,29.26,0.1759,0.1400,48,5684,5684,4067
9672_8491,mask-only,0.015228559332784434577,30.50,0.9244,0.1480,48,5684,5684,4067
1447_10455,on,0.015122277187242638002,80.84,5.3178,9.0090,253,24461,5290,4903
1447_10455,off,0.015122277187242638002,78.57,0.9750,12.2460,253,25416,25416,22323
1447_10455,mask-only,0.015122277187242638002,81.27,4.3933,12.4950,253,25416,25416,22323
10372_13454,on,0.035570463814122904589,20.14,1.5421,1.1846,57,6848,1942,1366
10372_13454,off,0.035570463814122904589,21.62,0.2114,1.8934,57,6848,6848,4976
10372_13454,mask-only,0.035570463814122904589,21.32,0.9480,1.9904,57,6848,6848,4976
11031_9812,on,0.091129423634187509129,31.69,0.9890,2.1839,57,4662,1346,679
11031_9812,off,0.091129423634187509129,31.01,0.1404,2.3428,31,3021,3021,1902
11031_9812,mask-only,0.091129423634187509129,30.98,0.5108,2.5122,31,3021,3021,1902
4050_9982,on,0.037635859078431269098,616.82,11.9750,57.8080,477,50841,18654,17668
4050_9982,off,0.037635859078431269098,626.12,2.0989,86.8480,454,48138,48138,46543
4050_9982,mask-only,0.037635859078431269098,642.99,8.8696,88.8290,454,48138,48138,46543
6898_3181,on,0.018742910893189516919,164.31,1.2595,0.9084,60,6024,973,567
6898_3181,off,0.018742910893189516919,157.75,0.2441,4.0107,59,5920,5920,4596
6898_3181,mask-only,0.018742910893189516919,158.14,0.9476,3.9113,59,5920,5920,4596
7536_10837,on,0.05212868449475654975,301.27,3.6311,9.7239,67,15324,3555,2220
7536_10837,off,0.05212868449475654975,308.99,0.6397,20.3700,67,15324,15324,10316
7536_10837,mask-only,0.05212868449475654975,312.81,2.7378,20.6530,67,15324,15324,10316
8338_1797,on,0.021329753256708709752,55.90,0.6063,0.0697,25,3202,553,495
8338_1797,off,0.021329753256708709752,55.43,0.1184,0.0915,25,3202,3202,2823
8338_1797,mask-only,0.021329753256708709752,56.56,0.4778,0.0988,25,3202,3202,2823
12534_10431,on,0.063117192089695600687,131.28,4.1555,12.3680,156,17581,5659,5087
12534_10431,off,0.063117192089695600687,124.47,0.7036,18.0910,156,17581,17581,15689
12534_10431,mask-only,0.063117192089695600687,128.30,2.9527,18.5500,156,17581,17581,15689
7487_10296,on,0.016258997137567982039,445.12,9.6144,70.7460,389,40308,14586,14191
7487_10296,off,0.016258997137567982039,481.36,1.8323,116.3900,389,40308,40308,38781
7487_10296,mask-only,0.016258997137567982039,484.05,7.1966,117.7200,389,40308,40308,38781
9122_10551,on,0.062851231830833187431,428.64,9.8896,46.7430,453,43595,13914,13152
9122_10551,off,0.062851231830833187431,433.81,1.8485,68.2820,453,43595,43595,41422
9122_10551,mask-only,0.062851231830833187431,444.05,7.6941,68.4720,453,43595,43595,41422
8799_1162,on,0.25394965770928390469,113.58,9.7244,9.2132,150,43591,4657,3651
8799_1162,off,0.25394965770928390469,115.34,1.5964,19.4090,150,43591,43591,36339
8799_1162,mask-only,0.25394965770928390469,121.67,8.0074,20.1280,150,43591,43591,36339
8443_14324,on,0.068682978213655571098,58.77,0.8808,2.6621,30,3646,915,586
8443_14324,off,0.068682978213655571098,62.11,0.1929,5.9135,30,3646,3646,2842
8443_14324,mask-only,0.068682978213655571098,63.08,0.7212,6.2700,30,3646,3646,2842
4237_6595,on,0.029422841437853210211,429.22,4.8818,27.4800,186,21352,4603,4151
4237_6595,off,0.029422841437853210211,440.77,0.9766,47.4810,186,21352,21352,19620
4237_6595,mask-only,0.029422841437853210211,446.24,3.9729,46.5730,186,21352,21352,19620
4850_5651,on,0.077264318310935747869,1119.59,9.0086,15.2030,428,41043,10363,9421
4850_5651,off,0.077264318310935747869,1130.64,1.8007,35.8110,428,41043,41043,37874
4850_5651,mask-only,0.077264318310935747869,1131.12,7.1242,36.4310,428,41043,41043,37874
9757_14713,on,0.057372812721619363685,67.71,1.6937,1.1785,63,8118,1331,548
9757_14713,off,0.057372812721619363685,68.39,0.3271,2.5832,63,8697,8697,6001
9757_14713,mask-only,0.057372812721619363685,67.92,1.3306,2.6371,63,8697,8697,6001
526_8243,on,0.033143426193764341514,41.83,1.4909,0.4682,80,6674,1257,791
526_8243,off,0.033143426193764341514,41.19,0.2642,0.7789,80,6674,6674,5566
526_8243,mask-only,0.033143426193764341514,41.04,1.0364,0.6650,80,6674,6674,5566
13981_8360,on,0.0097148168872790811867,32.47,0.6044,1.0866,25,2485,592,340
13981_8360,off,0.0097148168872790811867,33.99,0.1600,2.3219,25,2485,2485,1483
13981_8360,mask-only,0.0097148168872790811867,33.74,0.4118,2.1949,25,2485,2485,1483
8964_2372,on,0.087466335657087918021,59.72,2.2677,0.9977,106,10267,1740,1489
8964_2372,off,0.087466335657087918021,57.70,0.4234,1.5823,106,10267,10267,9481
8964_2372,mask-only,0.087466335657087918021,58.82,1.7727,1.5555,106,10267,10267,9481
14764_14900,on,0.038296139005956311707,35.95,0.1525,0.0013,4,335,46,46
14764_14900,off,0.038296139005956311707,34.33,0.0499,0.0057,4,335,335,335
14764_14900,mask-only,0.038296139005956311707,34.99,0.1590,0.0062,4,335,335,335
11485_8383,on,0.076342947522176587971,222.53,8.1827,11.2430,386,37355,9359,8827
11485_8383,off,0.076342947522176587971,221.39,1.5361,24.8650,386,37355,37355,35595
11485_8383,mask-only,0.076342947522176587971,224.90,6.5665,25.0430,386,37355,37355,35595
15431_2666,on,0.013926035825554475278,60.47,2.0517,0.4290,103,10471,1261,896
15431_2666,off,0.013926035825554475278,54.49,0.3887,6.4222,103,9074,9074,7329
15431_2666,mask-only,0.013926035825554475278,56.63,1.6973,6.4312,103,9074,9074,7329
6626_15161,on,0.009750464943270076984,193.83,0.7713,7.5805,23,3227,722,279
6626_15161,off,0.0097504605062246792191,190.59,0.2282,9.1806,23,3227,3227,1333
6626_15161,mask-only,0.0097504605062246792191,192.26,0.7250,9.8612,23,3227,3227,1333
3482_8920,on,0.049497638663608650722,751.76,19.5520,139.1100,729,84049,18367,18252
3482_8920,off,0.049497635713319124151,534.96,2.6083,176.0000,558,63287,63287,62678
3482_8920,mask-only,0.049497635713319124151,543.08,11.5290,179.3100,558,63287,63287,62678
10611_8115,on,0.181455078944540521,359.46,13.0450,66.4220,543,57805,19858,19072
10611_8115,off,0.181455078944540521,385.57,2.2854,105.6800,543,57805,57805,53838
10611_8115,mask-only,0.181455078944540521,399.19,10.2650,106.7900,543,57805,57805,53838
2159_15252,on,0.076644102658433077568,681.55,15.5780,69.5190,712,66852,22090,21185
2159_15252,off,0.076644102658433077568,722.92,2.8195,125.3400,712,64213,64213,62364
2159_15252,mask-only,0.076644102658433077568,739.55,11.5120,127.9000,712,64213,64213,62364
650_3213,on,0.020050879961018824166,321.29,8.7796,56.6450,382,37371,11347,10995
650_3213,off,0.020050879961018824166,337.29,1.6369,86.7350,382,37371,37371,35637
650_3213,mask-only,0.020050879961018824166,346.93,6.8424,87.0230,382,37371,37371,35637
16446_8083,on,0.010916428300255550179,90.27,1.6258,4.5422,59,7584,1564,921
16446_8083,off,0.010916425698595352139,95.40,0.3697,9.8917,82,9802,9802,7159
16446_8083,mask-only,0.010916425698595352139,94.19,1.6413,9.8720,82,9802,9802,7159
7208_16050,on,0.077062968685064625607,734.46,16.6190,41.7250,743,71673,22063,20999
7208_16050,off,0.077062968685064625607,757.50,3.1628,73.5190,743,71673,71673,68356
7208_16050,mask-only,0.077062968685064625607,788.04,12.9490,77.0020,743,71673,71673,68356
12879_14735,on,0.058357588503567398019,131.00,1.6228,2.8377,67,7298,2603,1841
12879_14735,off,0.058357588503567398019,133.47,0.3164,4.9685,67,7298,7298,5489
12879_14735,mask-only,0.058357588503567398019,133.38,1.2287,5.0038,67,7298,7298,5489
12021_1782,on,0.062937286533477007633,102.99,4.6513,6.6545,226,22918,4069,3547
12021_1782,off,0.062937286533477007633,100.42,0.8785,9.9451,226,22918,22918,21210
12021_1782,mask-only,0.062937286533477007633,107.39,3.8106,9.9746,226,22918,22918,21210
3085_6631,on,0.011451255735040903605,210.49,8.1298,30.8140,342,35469,11807,11240
3085_6631,off,0.011451255735040903605,223.91,1.4637,52.1090,342,35469,35469,33396
3085_6631,mask-only,0.011451255735040903605,231.45,6.3489,52.6100,342,35469,35469,33396
11547_10186,on,0.056850903216328907419,135.04,0.0000,0.0000,0,0,0,0
11547_10186,off,0.056850903216328907419,134.87,0.0000,0.0000,0,0,0,0
11547_10186,mask-only,0.056850903216328907419,137.56,0.0000,0.0000,0,0,0,0
9325_424,on,0.034253697127645615916,156.71,7.3699,28.8500,325,30507,10163,9452
9325_424,off,0.034253697127645615916,168.22,1.3121,48.4550,325,30507,30507,28643
9325_424,mask-only,0.034253697127645615916,174.87,5.6969,48.4650,325,30507,30507,28643
9038_15,on,0.021164013337026051781,431.72,11.0960,38.6870,512,50260,9067,8705
9038_15,off,0.021164010814078454414,438.82,2.2979,63.8840,522,52406,52406,51248
9038_15,mask-only,0.021164010814078454414,446.64,9.3770,63.4860,522,52406,52406,51248
