pair,arm,ans,status,wall_ms,arr_ms,fre_ms
13962_4238,A0,0.027728289171009411207,OK,641.44,167.8600,22.3010
13962_4238,B0,0.027728289171009411207,OK,488.73,57.6390,20.0150
13388_15738,A0,0.010457066077090050593,OK,19.69,0.0000,0.0000
13388_15738,B0,0.010457066077090050593,OK,9.67,0.0000,0.0000
3110_11704,A0,0.080393627106728843268,OK,270.62,61.0940,19.6910
3110_11704,B0,0.080393627106728843268,OK,221.82,24.7070,17.9640
12501_7252,A0,0.020605423314468115925,OK,51.07,8.2410,0.1036
12501_7252,B0,0.020605423314468115925,OK,36.96,3.3409,0.0682
10725_2829,A0,0.054040554031886969821,OK,224.43,52.8870,20.9450
10725_2829,B0,0.054040554031886969821,OK,177.34,17.1050,18.6700
12001_15004,A0,0.046717400287055475816,OK,71.28,11.4260,3.1769
12001_15004,B0,0.046717400287055475816,OK,52.20,4.0023,3.1421
15818_12700,A0,0.062990349420297075955,OK,92.42,22.3840,6.1776
15818_12700,B0,0.062990349420297075955,OK,73.70,8.4474,5.6622
5987_9300,A0,0.11759929077871550396,OK,672.18,65.3220,95.1320
5987_9300,B0,0.11759929077871550396,OK,612.50,27.7310,92.2920
14551_3143,A0,0.062748100339338599984,OK,394.13,44.9690,66.4530
14551_3143,B0,0.062748100339338599984,OK,344.01,17.4930,63.8270
11350_14909,A0,0.087868032152151068215,OK,46.89,9.4770,2.1439
11350_14909,B0,0.087868032152151068215,OK,35.76,3.7345,2.0208
10167_4547,A0,0.053802264336549616985,OK,321.05,30.8700,45.2200
10167_4547,B0,0.053802264336549616985,OK,298.56,13.0740,47.2240
5431_2218,A0,0.01847810701455327928,OK,726.26,158.3700,106.2600
5431_2218,B0,0.01847810701455327928,OK,598.77,49.4150,100.6700
15961_1595,A0,0.079660955770478963922,OK,68.71,9.5623,0.6535
15961_1595,B0,0.079660955770478963922,OK,44.88,3.2911,0.6171
12057_14381,A0,0.047631380854940744141,OK,73.27,16.0820,4.2241
12057_14381,B0,0.047631380854940744141,OK,60.77,5.0930,4.0125
2599_8892,A0,0.055378501030101057179,OK,135.08,22.9630,0.1886
2599_8892,B0,0.055378501030101057179,OK,122.16,7.9000,0.1374
6700_7883,A0,0.17366249150237195176,OK,446.12,156.3100,91.7200
6700_7883,B0,0.17366249150237195176,OK,315.55,62.5460,86.6030
9054_15829,A0,0.02388999029156020637,OK,805.19,122.7500,142.0800
9054_15829,B0,0.02388999029156020637,OK,695.24,49.3480,131.9000
9322_2012,A0,0.037227410885901160431,OK,44.85,8.8314,0.4180
9322_2012,B0,0.037227410885901160431,OK,33.90,2.9529,0.3874
13859_12886,A0,0.034479560048055586663,OK,1157.68,148.0500,118.7300
13859_12886,B0,0.034479560048055586663,OK,1020.47,56.5570,113.3200
4684_9017,A0,0.0031055691630524654909,OK,58.49,8.6273,2.6959
4684_9017,B0,0.0031055691630524654909,OK,43.65,2.4056,2.6917
3394_14356,A0,0.035215794234174938038,OK,411.13,105.6500,23.3320
3394_14356,B0,0.035215794234174938038,OK,317.61,36.4780,23.7590
8403_14307,A0,0.033993439484465051703,OK,290.38,89.4880,14.2800
8403_14307,B0,0.033993439484465051703,OK,213.31,30.6860,13.2350
11389_701,A0,0.086945865320273568733,OK,1523.54,209.4000,114.2300
11389_701,B0,0.086945865320273568733,OK,1340.20,87.6270,111.8800
3256_1456,A0,0.000803989903147301916,OK,58.81,6.4570,2.3692
3256_1456,B0,0.000803989903147301916,OK,35.10,2.5983,2.0191
12105_2078,A0,0.036263644103223732773,OK,60.77,10.0280,0.1771
12105_2078,B0,0.036263644103223732773,OK,47.83,3.9584,0.1478
15100_5991,A0,0.05678104794673984046,OK,35.06,10.6260,0.3034
15100_5991,B0,0.05678104794673984046,OK,23.67,3.2423,0.2494
2662_741,A0,0.006521689361212526688,OK,43.53,7.2200,1.2073
2662_741,B0,0.006521689361212526688,OK,34.85,2.5477,1.1534
14635_6870,A0,0.010307426923868143187,OK,63.96,8.3997,0.6391
14635_6870,B0,0.010307426923868143187,OK,56.90,3.1060,0.5713
4941_3915,A0,0.004673571682793821111,OK,140.71,65.2150,12.8100
4941_3915,B0,0.004673571682793821111,OK,95.62,22.7970,12.4540
8901_10528,A0,0.066129009548159020659,OK,1396.49,170.0300,443.5500
8901_10528,B0,0.066129009548159020659,OK,1231.93,61.4650,429.5700
16847_475,A0,0.029537035123901544953,OK,23.41,1.1568,0.0092
16847_475,B0,0.029537035123901544953,OK,21.85,0.3943,0.0058
3235_6444,A0,0.015681996805762928732,OK,42.16,7.6767,0.0978
3235_6444,B0,0.015681996805762928732,OK,33.03,2.7185,0.0705
4769_84,A0,0.09312668646895606861,OK,1529.08,267.0200,320.3800
4769_84,B0,0.09312668646895606861,OK,1318.34,113.1600,308.2200
9279_10248,A0,0.026037554033195471626,OK,204.06,36.2140,2.6320
9279_10248,B0,0.026037554033195471626,OK,157.37,12.2870,2.3829
1406_6571,A0,0.022202730585689695042,OK,264.80,71.8750,32.2740
1406_6571,B0,0.022202730585689695042,OK,200.15,22.4810,30.4240
13736_11294,A0,0.070097255414780262894,OK,1067.30,210.6800,190.0100
13736_11294,B0,0.070097255414780262894,OK,873.45,80.8670,180.6200
10939_11649,A0,0.096741691334991761209,OK,1171.70,265.3000,141.5900
10939_11649,B0,0.096741691334991761209,OK,923.09,105.0100,133.7800
507_5832,A0,0.069266551655682073729,OK,20.60,0.0000,0.0000
507_5832,B0,0.069266551655682073729,OK,14.46,0.0000,0.0000
15301_1221,A0,0.0064270674035576107891,OK,459.67,97.3710,81.7420
15301_1221,B0,0.0064270674035576107891,OK,386.42,31.8390,77.8710
1100_13092,A0,0.019302008191502368489,OK,46.61,8.3648,0.0940
1100_13092,B0,0.019302008191502368489,OK,40.76,3.0479,0.0639
600_16573,A0,0.022174195555769344451,OK,81.44,1.4528,0.0123
600_16573,B0,0.022174195555769344451,OK,77.67,0.5993,0.0078
1039_6137,A0,0.047244226486384960362,OK,704.84,106.1400,77.0840
1039_6137,B0,0.047244226486384960362,OK,614.56,41.4910,73.2480
391_7752,A0,0.057011869478572438363,OK,233.64,19.3430,10.2970
391_7752,B0,0.057011869478572438363,OK,210.52,7.7604,9.7011
9230_3285,A0,0.012474720433145793444,OK,422.20,93.7950,64.2350
9230_3285,B0,0.012474720433145793444,OK,343.69,35.0020,61.1520
3343_6420,A0,0.0055558289022877935942,OK,117.84,0.0000,0.0000
3343_6420,B0,0.0055558289022877935942,OK,111.14,0.0000,0.0000
3270_16464,A0,0.015254167922597863458,OK,408.15,100.3500,42.3150
3270_16464,B0,0.015254167922597863458,OK,322.09,39.9590,40.9530
13966_16217,A0,0.075272415542938758692,OK,459.97,69.7930,31.7180
13966_16217,B0,0.075272415542938758692,OK,269.37,27.1760,29.9550
7729_2141,A0,0.016208313160674600595,OK,89.07,20.3640,0.2278
7729_2141,B0,0.016208313160674600595,OK,74.68,5.8883,0.1679
16510_6413,A0,0.018650896061643863766,OK,1183.07,326.4300,221.8000
16510_6413,B0,0.018650896061643863766,OK,916.06,126.8100,213.1600
15668_1509,A0,0.022688392137550660033,OK,258.25,50.9640,13.2640
15668_1509,B0,0.022688392137550660033,OK,199.90,19.6240,12.3910
3377_9182,A0,0.077327159563043479373,OK,1265.24,220.9700,200.3200
3377_9182,B0,0.077327159563043479373,OK,1069.44,92.5760,190.8200
15460_11607,A0,0.094019418457719716731,OK,1890.60,420.5700,250.4000
15460_11607,B0,0.094019418457719716731,OK,1526.88,139.7700,240.3500
14988_4860,A0,0.12942694413165833911,OK,2091.07,282.4400,371.3600
14988_4860,B0,0.12942694413165833911,OK,1810.93,120.0300,358.8200
12005_6155,A0,0.068329757972388577292,OK,57.75,9.1519,0.2912
12005_6155,B0,0.068329757972388577292,OK,40.83,3.3260,0.2285
15479_9449,A0,0.12456550291011225795,OK,118.16,24.5780,14.0510
15479_9449,B0,0.12456550291011225795,OK,98.88,9.6929,13.2520
3155_12168,A0,0.050820422552080579681,OK,536.13,146.7200,37.9970
3155_12168,B0,0.050820422552080579681,OK,398.91,59.2450,34.8020
2199_15786,A0,0.045994290222833647541,OK,371.22,117.8500,14.1530
2199_15786,B0,0.045994290222833647541,OK,276.09,46.7690,13.4120
1907_16610,A0,0.036147415961710449572,OK,99.07,8.8247,5.0650
1907_16610,B0,0.036147415961710449572,OK,82.31,3.3043,4.8757
9947_4005,A0,0.1011456741182447383,OK,735.95,195.0600,141.1100
9947_4005,B0,0.1011456741182447383,OK,557.77,75.4950,134.8700
13990_11953,A0,0.092980672256750093729,OK,113.08,22.0610,9.5381
13990_11953,B0,0.092980672256750093729,OK,97.75,9.1200,9.3417
14768_3226,A0,0.011604265794892399191,OK,126.68,23.3760,3.9334
14768_3226,B0,0.011604265794892399191,OK,95.12,7.6866,3.6004
1081_9229,A0,0.010628848852747993514,OK,148.98,42.5580,15.8260
1081_9229,B0,0.010628848852747993514,OK,105.09,17.8360,14.2500
16321_7727,A0,0.037095333222417134489,OK,111.79,8.1511,24.4860
16321_7727,B0,0.037095333222417134489,OK,95.72,3.1098,24.2210
8124_13618,A0,0.082395823472128482123,OK,315.84,105.3800,15.4800
8124_13618,B0,0.082395823472128482123,OK,224.41,41.5600,14.2660
10416_3961,A0,0.10098004173603386535,OK,313.59,27.1030,3.3211
10416_3961,B0,0.10098004173603386535,OK,271.87,11.9640,3.1209
9672_8491,A0,0.015228559332784434577,OK,61.09,16.0220,0.2285
9672_8491,B0,0.015228559332784434577,OK,41.48,6.0498,0.1662
1447_10455,A0,0.015122277187242638002,OK,174.35,73.6600,13.9540
1447_10455,B0,0.015122277187242638002,OK,127.43,28.6730,13.4530
10372_13454,A0,0.035570463814122904589,OK,50.87,25.2080,2.3385
10372_13454,B0,0.035570463814122904589,OK,30.06,7.9857,2.1778
11031_9812,A0,0.091129423634187509129,OK,47.06,11.3480,2.7537
11031_9812,B0,0.091129423634187509129,OK,35.29,3.5017,2.4945
4050_9982,A0,0.037635859078431269098,OK,868.42,158.5600,103.8300
4050_9982,B0,0.037635859078431269098,OK,713.59,56.5780,93.7730
6898_3181,A0,0.018742910893189516919,OK,199.94,17.4280,4.3753
6898_3181,B0,0.018742910893189516919,OK,169.28,6.6193,4.2039
7536_10837,A0,0.05212868449475654975,OK,385.91,44.9550,22.8420
7536_10837,B0,0.05212868449475654975,OK,355.45,16.1970,21.4460
8338_1797,A0,0.021329753256708709752,OK,70.44,9.9344,0.1588
8338_1797,B0,0.021329753256708709752,OK,63.07,3.6212,0.1110
12534_10431,A0,0.063117192089695600687,OK,206.99,53.9700,20.1420
12534_10431,B0,0.063117192089695600687,OK,156.47,19.3140,19.1470
7487_10296,A0,0.016258997137567982039,OK,640.91,104.3100,127.4000
7487_10296,B0,0.016258997137567982039,OK,554.49,44.8990,123.2000
9122_10551,A0,0.062851231830833187431,OK,608.67,116.5900,73.7840
9122_10551,B0,0.062851231830833187431,OK,506.95,48.0750,71.3700
8799_1162,A0,0.25394965770928390469,OK,268.38,101.7500,23.4280
8799_1162,B0,0.25394965770928390469,OK,174.15,42.8370,21.7640
8443_14324,A0,0.068682978213655571098,OK,93.25,12.8200,6.6961
8443_14324,B0,0.068682978213655571098,OK,73.28,4.3931,6.2174
4237_6595,A0,0.029422841437853210211,OK,546.78,75.0980,51.9070
4237_6595,B0,0.029422841437853210211,OK,481.97,24.4300,49.4300
4850_5651,A0,0.077264318310935747869,OK,1301.12,120.3900,40.1590
4850_5651,B0,0.077264318310935747869,OK,1188.52,44.5480,38.6470
9757_14713,A0,0.057372812721619363685,OK,106.39,24.3850,3.0484
9757_14713,B0,0.057372812721619363685,OK,80.08,9.0835,2.8020
526_8243,A0,0.033143426193764341514,OK,76.80,30.0040,0.8860
526_8243,B0,0.033143426193764341514,OK,55.03,8.0037,0.7447
13981_8360,A0,0.0097148168872790811867,OK,47.36,10.0530,2.7948
13981_8360,B0,0.0097148168872790811867,OK,40.23,2.9661,2.4088
8964_2372,A0,0.087466335657087918021,OK,101.99,32.6010,1.9579
8964_2372,B0,0.087466335657087918021,OK,94.54,12.2850,1.8330
14764_14900,A0,0.038296139005956311707,OK,39.49,1.7280,0.0112
14764_14900,B0,0.038296139005956311707,OK,36.68,0.5422,0.0075
11485_8383,A0,0.076342947522176587971,OK,361.04,99.1870,27.9760
11485_8383,B0,0.076342947522176587971,OK,279.49,41.1510,26.3790
15431_2666,A0,0.013926035825554475278,OK,109.21,27.6890,7.1862
15431_2666,B0,0.013926035825554475278,OK,72.12,10.3620,6.6003
6626_15161,A0,0.0097504605062246792191,OK,210.42,10.7780,10.0460
6626_15161,B0,0.0097504605062246792191,OK,199.45,3.9780,9.8466
3482_8920,A0,0.049497635713319124151,OK,783.75,183.1700,189.9000
3482_8920,B0,0.049497635713319124151,OK,630.35,66.7070,189.0500
10611_8115,A0,0.181455078944540521,OK,577.32,140.1000,110.4200
10611_8115,B0,0.181455078944540521,OK,462.89,60.5570,105.2400
2159_15252,A0,0.076644102658433077568,OK,982.23,173.6900,136.7800
2159_15252,B0,0.076644102658433077568,OK,827.98,72.3080,130.4100
650_3213,A0,0.020050879961018824166,OK,485.18,99.9140,93.2050
650_3213,B0,0.020050879961018824166,OK,394.01,40.4700,88.8110
16446_8083,A0,0.010916425698595352139,OK,149.17,29.2230,10.8230
16446_8083,B0,0.010916425698595352139,OK,111.57,10.9630,10.2350
7208_16050,A0,0.077062968685064625607,OK,1023.24,192.8500,79.9780
7208_16050,B0,0.077062968685064625607,OK,848.47,77.1080,75.5050
12879_14735,A0,0.058357588503567398019,OK,193.94,24.1680,5.7327
12879_14735,B0,0.058357588503567398019,OK,154.27,8.1973,5.3360
12021_1782,A0,0.062937286533477007633,OK,201.13,61.5530,11.4270
12021_1782,B0,0.062937286533477007633,OK,135.55,24.8670,11.1870
3085_6631,A0,0.011451255735040903605,OK,357.17,91.9650,56.7820
3085_6631,B0,0.011451255735040903605,OK,284.48,38.2750,53.7000
11547_10186,A0,0.056850903216328907419,OK,145.17,0.0000,0.0000
11547_10186,B0,0.056850903216328907419,OK,136.34,0.0000,0.0000
9325_424,A0,0.034253697127645615916,OK,313.47,100.3200,61.4850
9325_424,B0,0.034253697127645615916,OK,221.65,34.5610,57.0070
9038_15,A0,0.021164010814078454414,OK,652.83,156.6600,71.8550
9038_15,B0,0.021164010814078454414,OK,524.94,57.4720,67.1700
