build_id,path,N,V_pairs,m,K_band,K_band_distinct,K_band_distinct_lo,K_exact,K_exact_distinct,n_degen_band,n_degen_geom,n_isolated,t_exact_ms
1,geo:n08:p0,64,1768,3598,136,71,117,3536,17,3534,0,0,45.676
2,geo:n08:p0,64,2011,4086,15,8,9,4022,3,4022,0,0,57.238
3,geo:n08:p0,64,1961,3986,100,50,88,3922,6,3922,0,0,50.385
4,geo:n08:p0,64,1896,3856,108,55,94,3792,9,3792,0,0,51.795
5,geo:n08:p0,64,1856,3776,224,114,173,3712,22,3712,0,0,52.417
6,geo:n08:p0,64,1805,3674,183,94,151,3610,16,3610,0,0,54.621
7,geo:n08:p0,64,1790,3644,149,76,125,3580,14,3580,0,0,49.009
8,geo:n08:p0,64,1775,3614,150,77,126,3550,15,3550,0,0,56.045
9,geo:n08:p0,64,1773,3610,159,80,130,3546,18,3546,0,0,52.102
10,geo:n08:p0,64,1769,3602,154,78,130,3538,17,3538,0,0,48.724
11,geo:n08:p0,64,1769,3602,147,76,124,3538,17,3538,0,0,44.694
12,geo:n08:p0,64,1769,3602,144,74,121,3538,17,3538,0,0,40.435
13,geo:n08:p0,64,1769,3602,146,74,124,3538,17,3538,0,0,41.441
14,geo:n08:p0,64,1769,3602,144,73,122,3538,18,3538,0,0,46.515
15,geo:n08:p0,64,1769,3602,140,72,119,3538,18,3538,0,0,43.177
16,geo:n08:p0,64,1769,3602,141,72,120,3538,18,3538,0,0,40.748
17,geo:n08:p0,64,1769,3602,135,72,114,3538,18,3538,0,0,41.174
18,geo:n08:p0,64,1769,3602,135,72,114,3538,18,3538,0,0,44.088
19,geo:n08:p0,64,1769,3602,134,72,113,3538,18,3538,0,0,41.291
20,geo:n08:p0,64,1769,3602,134,72,113,3538,18,3538,0,0,49.556
21,geo:n08:p0,64,1769,3602,139,72,118,3538,18,3538,0,0,44.545
1,geo:n08:p1,64,1983,4030,167,83,127,3966,17,3966,0,0,49.201
2,geo:n08:p1,64,2016,4096,1,1,1,4032,1,4032,0,0,52.253
3,geo:n08:p1,64,2016,4096,3,1,3,4032,1,4032,0,0,50.441
4,geo:n08:p1,64,2016,4096,32,17,30,4032,1,4032,0,0,48.144
5,geo:n08:p1,64,2011,4086,56,29,50,4022,3,4022,0,0,46.795
6,geo:n08:p1,64,2003,4070,90,45,76,4006,6,4006,0,0,51.127
7,geo:n08:p1,64,1996,4056,122,64,103,3992,11,3992,0,0,51.289
8,geo:n08:p1,64,1991,4046,154,77,129,3982,13,3982,0,0,47.902
9,geo:n08:p1,64,1985,4034,161,81,124,3970,13,3970,0,0,44.939
10,geo:n08:p1,64,1985,4034,161,80,124,3970,15,3970,0,0,53.364
11,geo:n08:p1,64,1984,4032,173,85,133,3968,17,3968,0,0,45.509
12,geo:n08:p1,64,1984,4032,166,82,130,3968,16,3968,0,0,46.939
13,geo:n08:p1,64,1984,4032,165,82,128,3968,17,3968,0,0,51.311
14,geo:n08:p1,64,1984,4032,165,82,128,3968,17,3968,0,0,47.669
15,geo:n08:p1,64,1984,4032,170,84,129,3968,18,3968,0,0,49.034
16,geo:n08:p1,64,1984,4032,170,84,129,3968,18,3968,0,0,46.202
17,geo:n08:p1,64,1984,4032,169,84,128,3968,18,3968,0,0,47.330
18,geo:n08:p1,64,1984,4032,170,84,128,3968,18,3968,0,0,46.205
19,geo:n08:p1,64,1984,4032,170,84,128,3968,18,3968,0,0,44.752
1,geo:n08:p2,64,1985,4034,56,30,43,3970,6,3970,0,0,53.127
2,geo:n08:p2,64,2016,4096,1,1,1,4032,1,4032,0,0,50.705
3,geo:n08:p2,64,2016,4096,1,1,1,4032,1,4032,0,0,49.016
4,geo:n08:p2,64,2016,4096,1,1,1,4032,1,4032,0,0,48.870
5,geo:n08:p2,64,2016,4096,2,1,2,4032,1,4032,0,0,48.543
6,geo:n08:p2,64,2004,4072,23,13,20,4008,2,4008,0,0,47.438
7,geo:n08:p2,64,1999,4062,41,22,37,3998,3,3998,0,0,49.935
8,geo:n08:p2,64,1997,4058,37,20,35,3994,3,3994,0,0,45.915
9,geo:n08:p2,64,1992,4048,37,20,33,3984,4,3984,0,0,50.836
10,geo:n08:p2,64,1988,4040,47,25,38,3976,5,3976,0,0,63.839
11,geo:n08:p2,64,1987,4038,44,23,36,3974,4,3974,0,0,49.715
12,geo:n08:p2,64,1987,4038,49,26,39,3974,4,3974,0,0,49.277
13,geo:n08:p2,64,1987,4038,58,30,47,3974,4,3974,0,0,50.483
14,geo:n08:p2,64,1986,4036,57,30,45,3972,5,3972,0,0,48.369
15,geo:n08:p2,64,1986,4036,56,30,44,3972,5,3972,0,0,50.772
16,geo:n08:p2,64,1986,4036,58,30,46,3972,5,3972,0,0,47.056
17,geo:n08:p2,64,1986,4036,57,30,45,3972,5,3972,0,0,49.913
18,geo:n08:p2,64,1986,4036,57,30,45,3972,5,3972,0,0,47.283
19,geo:n08:p2,64,1986,4036,57,30,45,3972,5,3972,0,0,50.659
20,geo:n08:p2,64,1986,4036,57,30,45,3972,5,3972,0,0,50.819
21,geo:n08:p2,64,1986,4036,57,30,45,3972,5,3972,0,0,49.173
22,geo:n08:p2,64,1986,4036,57,30,45,3972,5,3972,0,0,51.435
1,geo:n08:p3,64,1972,4008,264,132,227,3944,19,3944,0,0,48.210
2,geo:n08:p3,64,2016,4096,41,21,41,4032,1,4032,0,0,48.447
3,geo:n08:p3,64,2016,4096,36,19,36,4032,1,4032,0,0,56.291
4,geo:n08:p3,64,2015,4094,35,19,31,4030,2,4030,0,0,56.614
5,geo:n08:p3,64,2000,4064,136,68,117,4000,6,4000,0,0,48.140
6,geo:n08:p3,64,1990,4044,178,89,143,3980,11,3980,0,0,47.071
7,geo:n08:p3,64,1981,4026,260,129,213,3962,18,3962,0,0,45.951
8,geo:n08:p3,64,1979,4022,279,137,237,3958,21,3958,0,0,56.495
9,geo:n08:p3,64,1977,4018,287,143,240,3954,22,3954,0,0,44.178
10,geo:n08:p3,64,1975,4014,277,138,238,3950,20,3950,0,0,49.118
11,geo:n08:p3,64,1973,4010,272,135,236,3946,18,3946,0,0,48.838
12,geo:n08:p3,64,1973,4010,268,134,234,3946,18,3946,0,0,45.316
13,geo:n08:p3,64,1973,4010,268,134,231,3946,20,3946,0,0,45.910
14,geo:n08:p3,64,1973,4010,264,133,227,3946,20,3946,0,0,44.848
15,geo:n08:p3,64,1973,4010,264,133,227,3946,20,3946,0,0,44.740
16,geo:n08:p3,64,1973,4010,264,133,227,3946,20,3946,0,0,47.141
17,geo:n08:p3,64,1973,4010,263,132,227,3946,20,3946,0,0,46.002
18,geo:n08:p3,64,1973,4010,263,132,227,3946,20,3946,0,0,46.778
19,geo:n08:p3,64,1973,4010,266,133,227,3946,20,3946,0,0,48.737
20,geo:n08:p3,64,1973,4010,266,133,227,3946,20,3946,0,0,48.945
1,geo:n08:p4,64,1955,3974,496,242,366,3910,47,3910,0,0,50.608
2,geo:n08:p4,64,2016,4096,2,1,2,4032,1,4032,0,0,50.852
3,geo:n08:p4,64,2016,4096,24,13,24,4032,1,4032,0,0,49.041
4,geo:n08:p4,64,2016,4096,46,24,45,4032,1,4032,0,0,51.814
5,geo:n08:p4,64,2009,4082,110,57,99,4018,6,4018,0,0,63.262
6,geo:n08:p4,64,1992,4048,221,110,187,3984,20,3984,0,0,47.365
7,geo:n08:p4,64,1980,4024,335,164,269,3960,31,3960,0,0,51.758
8,geo:n08:p4,64,1969,4002,427,211,322,3938,43,3938,0,0,84.119
9,geo:n08:p4,64,1965,3994,431,211,321,3930,45,3930,0,0,47.770
10,geo:n08:p4,64,1962,3988,476,232,343,3924,49,3924,0,0,45.158
11,geo:n08:p4,64,1958,3980,472,229,338,3916,51,3916,0,0,46.373
12,geo:n08:p4,64,1957,3978,495,238,357,3914,53,3914,0,0,44.880
13,geo:n08:p4,64,1956,3976,490,239,359,3912,47,3912,0,0,48.552
14,geo:n08:p4,64,1956,3976,488,238,360,3912,47,3912,0,0,50.763
15,geo:n08:p4,64,1956,3976,498,244,368,3912,47,3912,0,0,51.421
16,geo:n08:p4,64,1956,3976,498,244,368,3912,47,3912,0,0,51.273
17,geo:n08:p4,64,1956,3976,497,244,368,3912,47,3912,0,0,45.736
18,geo:n08:p4,64,1956,3976,495,242,368,3912,47,3912,0,0,48.451
19,geo:n08:p4,64,1956,3976,495,242,367,3912,47,3912,0,0,46.617
20,geo:n08:p4,64,1956,3976,498,243,366,3912,48,3912,0,0,47.442
21,geo:n08:p4,64,1956,3976,498,243,366,3912,48,3912,0,0,50.729
22,geo:n08:p4,64,1956,3976,498,243,366,3912,48,3912,0,0,47.114
1,geo:n08:p5,64,1550,3164,171,90,150,3100,16,3100,0,0,35.890
2,geo:n08:p5,64,2016,4096,3,1,3,4032,1,4032,0,0,52.967
3,geo:n08:p5,64,2016,4096,13,7,12,4032,1,4032,0,0,49.846
4,geo:n08:p5,64,1898,3860,125,66,105,3796,12,3796,0,0,47.148
5,geo:n08:p5,64,1720,3504,228,120,197,3440,16,3440,0,0,41.872
6,geo:n08:p5,64,1629,3322,191,99,170,3258,15,3258,0,0,37.972
7,geo:n08:p5,64,1588,3240,246,124,201,3176,15,3176,0,0,37.621
8,geo:n08:p5,64,1573,3210,233,119,205,3146,16,3146,0,0,40.362
9,geo:n08:p5,64,1563,3190,193,101,172,3126,13,3126,0,0,36.989
10,geo:n08:p5,64,1556,3176,191,98,168,3112,16,3112,0,0,35.785
11,geo:n08:p5,64,1552,3168,174,91,156,3104,14,3104,0,0,37.255
12,geo:n08:p5,64,1552,3168,181,94,158,3104,16,3104,0,0,38.872
13,geo:n08:p5,64,1552,3168,180,93,156,3104,16,3104,0,0,37.566
14,geo:n08:p5,64,1551,3166,174,92,152,3102,17,3102,0,0,36.657
15,geo:n08:p5,64,1551,3166,180,92,156,3102,17,3102,0,0,35.752
16,geo:n08:p5,64,1551,3166,181,92,156,3102,17,3102,0,0,34.408
17,geo:n08:p5,64,1551,3166,176,91,153,3102,17,3102,0,0,35.063
18,geo:n08:p5,64,1551,3166,175,91,152,3102,17,3102,0,0,40.343
19,geo:n08:p5,64,1551,3166,175,91,152,3102,17,3102,0,0,35.325
20,geo:n08:p5,64,1551,3166,179,91,154,3102,17,3102,0,0,38.009
21,geo:n08:p5,64,1551,3166,179,91,154,3102,17,3102,0,0,35.154
1,geo:n12:p0,144,9363,18870,601,308,500,18726,52,18726,0,0,403.770
2,geo:n12:p0,144,10288,20720,12,5,10,20576,4,20576,0,0,450.329
3,geo:n12:p0,144,10127,20398,140,72,132,20254,10,20254,0,0,442.431
4,geo:n12:p0,144,9859,19862,336,172,272,19718,30,19718,0,0,439.372
5,geo:n12:p0,144,9684,19512,299,154,277,19368,24,19368,0,0,409.191
6,geo:n12:p0,144,9541,19226,487,248,425,19082,44,19082,0,0,395.045
7,geo:n12:p0,144,9451,19044,578,293,463,18902,60,18900,0,0,405.297
8,geo:n12:p0,144,9397,18938,604,309,488,18794,56,18794,0,0,387.897
9,geo:n12:p0,144,9385,18914,651,331,549,18770,57,18770,0,0,386.598
10,geo:n12:p0,144,9371,18886,587,299,496,18742,52,18742,0,0,385.017
11,geo:n12:p0,144,9368,18880,575,293,496,18736,50,18736,0,0,379.082
12,geo:n12:p0,144,9366,18876,561,286,482,18732,49,18732,0,0,393.018
13,geo:n12:p0,144,9365,18874,613,313,513,18730,51,18730,0,0,389.591
14,geo:n12:p0,144,9364,18872,605,311,502,18728,52,18728,0,0,374.419
15,geo:n12:p0,144,9364,18872,606,311,504,18728,52,18728,0,0,396.422
16,geo:n12:p0,144,9364,18872,608,310,505,18728,52,18728,0,0,423.571
17,geo:n12:p0,144,9364,18870,607,310,503,18728,52,18726,0,0,394.118
18,geo:n12:p0,144,9364,18872,607,310,502,18728,52,18728,0,0,435.703
19,geo:n12:p0,144,9364,18872,604,310,499,18728,52,18728,0,0,419.971
20,geo:n12:p0,144,9364,18872,604,309,500,18728,52,18728,0,0,381.415
21,geo:n12:p0,144,9364,18872,604,309,500,18728,52,18728,0,0,381.249
1,geo:n12:p1,144,10204,20552,359,180,283,20408,34,20408,0,0,434.060
2,geo:n12:p1,144,6568,13280,2104,1033,1539,13136,222,13136,0,0,216.591
3,geo:n12:p1,144,8786,17716,724,353,558,17572,64,17572,0,0,330.983
4,geo:n12:p1,144,9574,19290,436,215,361,19148,36,19146,0,0,390.255
5,geo:n12:p1,144,9935,20014,569,279,439,19870,59,19870,0,0,416.037
6,geo:n12:p1,144,10075,20294,313,157,262,20150,31,20150,0,0,455.591
7,geo:n12:p1,144,10130,20404,319,163,265,20260,28,20260,0,0,447.916
8,geo:n12:p1,144,10162,20467,324,159,263,20324,31,20323,0,0,433.038
9,geo:n12:p1,144,10193,20530,412,202,322,20386,42,20386,0,0,449.382
10,geo:n12:p1,144,10199,20542,379,187,301,20398,37,20398,0,0,453.161
11,geo:n12:p1,144,10201,20545,370,183,278,20402,38,20401,0,0,442.388
12,geo:n12:p1,144,10202,20547,350,174,268,20404,34,20403,0,0,447.076
13,geo:n12:p1,144,10202,20548,353,175,272,20404,33,20404,0,0,443.649
14,geo:n12:p1,144,10203,20550,344,172,269,20406,33,20406,0,0,436.381
15,geo:n12:p1,144,10204,20552,354,176,278,20408,34,20408,0,0,436.318
16,geo:n12:p1,144,10204,20552,356,178,281,20408,34,20408,0,0,428.493
17,geo:n12:p1,144,10204,20552,356,179,281,20408,34,20408,0,0,413.824
18,geo:n12:p1,144,10204,20552,359,180,283,20408,34,20408,0,0,421.949
19,geo:n12:p1,144,10204,20552,359,180,283,20408,34,20408,0,0,420.244
1,geo:n12:p2,144,10224,20592,37,21,28,20448,4,20448,0,0,469.961
2,geo:n12:p2,144,10296,20736,2,1,2,20592,1,20592,0,0,537.190
3,geo:n12:p2,144,10296,20736,1,1,1,20592,1,20592,0,0,520.204
4,geo:n12:p2,144,10296,20736,1,1,1,20592,1,20592,0,0,599.898
5,geo:n12:p2,144,10296,20736,1,1,1,20592,1,20592,0,0,529.629
6,geo:n12:p2,144,10296,20736,1,1,1,20592,1,20592,0,0,520.528
7,geo:n12:p2,144,10284,20712,31,16,24,20568,3,20568,0,0,520.439
8,geo:n12:p2,144,10258,20660,35,20,26,20516,4,20516,0,0,518.967
9,geo:n12:p2,144,10234,20612,39,21,31,20468,5,20468,0,0,557.858
10,geo:n12:p2,144,10229,20602,33,19,25,20458,5,20458,0,0,497.417
11,geo:n12:p2,144,10227,20598,33,19,24,20454,5,20454,0,0,513.546
12,geo:n12:p2,144,10226,20596,42,23,31,20452,4,20452,0,0,511.266
13,geo:n12:p2,144,10225,20594,40,22,30,20450,4,20450,0,0,542.469
14,geo:n12:p2,144,10225,20594,39,22,29,20450,4,20450,0,0,504.592
15,geo:n12:p2,144,10225,20594,39,22,29,20450,4,20450,0,0,528.012
16,geo:n12:p2,144,10225,20594,40,22,30,20450,4,20450,0,0,506.317
17,geo:n12:p2,144,10225,20594,40,22,30,20450,4,20450,0,0,491.397
18,geo:n12:p2,144,10225,20594,40,22,30,20450,4,20450,0,0,590.342
19,geo:n12:p2,144,10225,20594,40,22,30,20450,4,20450,0,0,506.650
20,geo:n12:p2,144,10225,20594,40,22,30,20450,4,20450,0,0,499.060
21,geo:n12:p2,144,10225,20594,40,22,30,20450,4,20450,0,0,471.168
22,geo:n12:p2,144,10225,20594,40,22,30,20450,4,20450,0,0,491.812
1,geo:n12:p3,144,10163,20470,707,351,582,20326,42,20326,0,0,446.127
2,geo:n12:p3,144,7629,15402,1181,596,957,15258,127,15258,0,0,282.846
3,geo:n12:p3,144,8815,17774,203,103,160,17630,20,17630,0,0,377.472
4,geo:n12:p3,144,9526,19196,1485,735,1251,19052,143,19052,0,0,380.971
5,geo:n12:p3,144,9977,20098,1310,643,1073,19954,119,19954,0,0,469.458
6,geo:n12:p3,144,10084,20312,988,484,812,20168,79,20168,0,0,432.097
7,geo:n12:p3,144,10130,20403,797,393,661,20260,59,20259,0,0,453.197
8,geo:n12:p3,144,10145,20434,770,380,639,20290,50,20290,0,0,438.346
9,geo:n12:p3,144,10155,20454,785,389,643,20310,49,20310,0,0,435.697
10,geo:n12:p3,144,10158,20460,731,363,608,20316,41,20316,0,0,436.174
11,geo:n12:p3,144,10159,20462,742,369,608,20318,45,20318,0,0,429.085
12,geo:n12:p3,144,10159,20461,746,370,616,20318,43,20317,0,0,430.163
13,geo:n12:p3,144,10160,20463,737,365,605,20320,43,20319,0,0,438.844
14,geo:n12:p3,144,10161,20466,738,366,605,20322,43,20322,0,0,442.938
15,geo:n12:p3,144,10163,20470,719,357,593,20326,43,20326,0,0,418.974
16,geo:n12:p3,144,10163,20469,705,350,580,20326,42,20325,0,0,428.273
17,geo:n12:p3,144,10163,20470,705,350,580,20326,42,20326,0,0,420.862
18,geo:n12:p3,144,10163,20470,705,350,580,20326,42,20326,0,0,450.478
19,geo:n12:p3,144,10163,20470,707,351,582,20326,42,20326,0,0,439.044
20,geo:n12:p3,144,10163,20470,707,351,582,20326,42,20326,0,0,428.647
1,geo:n12:p4,144,9973,20090,1825,901,1429,19946,168,19946,0,0,420.711
2,geo:n12:p4,144,10296,20736,1,1,1,20592,1,20592,0,0,468.843
3,geo:n12:p4,144,10296,20736,60,31,59,20592,1,20592,0,0,436.405
4,geo:n12:p4,144,10284,20712,173,89,159,20568,8,20568,0,0,448.924
5,geo:n12:p4,144,10221,20586,614,310,544,20442,48,20442,0,0,429.720
6,geo:n12:p4,144,10135,20414,928,465,794,20270,84,20270,0,0,426.468
7,geo:n12:p4,144,10068,20280,1420,704,1154,20136,130,20136,0,0,405.610
8,geo:n12:p4,144,10031,20206,1594,788,1260,20062,150,20062,0,0,404.253
9,geo:n12:p4,144,10005,20154,1644,807,1284,20010,160,20010,0,0,414.873
10,geo:n12:p4,144,9990,20124,1763,868,1342,19980,184,19980,0,0,404.170
11,geo:n12:p4,144,9982,20108,1756,858,1333,19964,178,19964,0,0,389.842
12,geo:n12:p4,144,9981,20106,1799,873,1368,19962,185,19962,0,0,387.940
13,geo:n12:p4,144,9978,20100,1817,890,1399,19956,181,19956,0,0,390.491
14,geo:n12:p4,144,9977,20098,1792,883,1396,19954,176,19954,0,0,399.881
15,geo:n12:p4,144,9977,20098,1824,900,1426,19954,173,19954,0,0,386.151
16,geo:n12:p4,144,9975,20094,1823,899,1425,19950,171,19950,0,0,402.774
17,geo:n12:p4,144,9975,20094,1829,904,1428,19950,172,19950,0,0,409.433
18,geo:n12:p4,144,9974,20092,1827,902,1426,19948,169,19948,0,0,402.637
19,geo:n12:p4,144,9974,20092,1828,903,1429,19948,169,19948,0,0,399.792
20,geo:n12:p4,144,9974,20092,1827,903,1428,19948,169,19948,0,0,497.340
21,geo:n12:p4,144,9974,20092,1827,903,1428,19948,169,19948,0,0,438.791
22,geo:n12:p4,144,9974,20092,1827,903,1428,19948,169,19948,0,0,439.452
1,geo:n12:p5,144,7694,15532,321,165,265,15388,37,15388,0,0,303.176
2,geo:n12:p5,144,10296,20736,1,1,1,20592,1,20592,0,0,514.388
3,geo:n12:p5,144,10296,20736,40,21,38,20592,1,20592,0,0,482.669
4,geo:n12:p5,144,9766,19676,661,339,546,19532,55,19532,0,0,451.979
5,geo:n12:p5,144,8704,17550,1015,512,781,17408,107,17406,0,0,358.751
6,geo:n12:p5,144,8129,16402,699,356,533,16258,81,16258,0,0,363.004
7,geo:n12:p5,144,7888,15920,550,280,430,15776,56,15776,0,0,324.430
8,geo:n12:p5,144,7785,15714,464,237,366,15570,50,15570,0,0,293.640
9,geo:n12:p5,144,7733,15610,386,199,302,15466,43,15466,0,0,305.114
10,geo:n12:p5,144,7758,15660,423,217,341,15516,46,15516,0,0,296.003
11,geo:n12:p5,144,7771,15686,431,220,349,15542,48,15542,0,0,308.791
12,geo:n12:p5,144,7778,15700,449,230,359,15556,47,15556,0,0,300.494
13,geo:n12:p5,144,7781,15706,459,237,359,15562,51,15562,0,0,305.356
14,geo:n12:p5,144,7784,15712,458,235,359,15568,50,15568,0,0,311.116
15,geo:n12:p5,144,7782,15708,451,232,358,15564,50,15564,0,0,333.894
16,geo:n12:p5,144,7782,15708,465,238,367,15564,50,15564,0,0,315.176
17,geo:n12:p5,144,7782,15708,464,238,362,15564,52,15564,0,0,350.116
18,geo:n12:p5,144,7781,15706,462,237,362,15562,51,15562,0,0,325.200
19,geo:n12:p5,144,7781,15706,459,237,359,15562,51,15562,0,0,294.594
20,geo:n12:p5,144,7781,15706,459,237,359,15562,51,15562,0,0,296.554
21,geo:n12:p5,144,7781,15706,459,237,359,15562,51,15562,0,0,304.804
1,geo:n16:p0,256,29828,59912,1570,787,1308,59656,134,59656,0,0,5554.401
2,geo:n16:p0,256,32622,65499,26,14,17,65244,4,65243,0,0,7679.840
3,geo:n16:p0,256,32144,64544,300,155,268,64288,23,64288,0,0,7165.016
4,geo:n16:p0,256,31285,62826,517,262,457,62570,38,62570,0,0,6310.073
5,geo:n16:p0,256,30670,61594,1014,514,873,61340,83,61338,0,0,6544.873
6,geo:n16:p0,256,30285,60826,1064,536,876,60570,89,60570,0,0,5752.383
7,geo:n16:p0,256,30081,60417,1335,664,1072,60162,122,60161,0,0,5620.202
8,geo:n16:p0,256,29967,60190,1368,687,1140,59934,119,59934,0,0,5538.379
9,geo:n16:p0,256,29880,60016,1463,735,1167,59760,127,59760,0,0,5669.646
10,geo:n16:p0,256,29855,59966,1555,783,1290,59710,128,59710,0,0,5605.132
11,geo:n16:p0,256,29841,59937,1537,768,1273,59682,131,59681,0,0,5671.849
12,geo:n16:p0,256,29834,59924,1585,790,1317,59668,136,59668,0,0,5726.683
13,geo:n16:p0,256,29833,59922,1580,787,1307,59666,139,59666,0,0,5692.815
14,geo:n16:p0,256,29831,59918,1595,798,1324,59662,138,59662,0,0,5250.145
15,geo:n16:p0,256,29830,59916,1593,795,1323,59660,137,59660,0,0,5292.049
16,geo:n16:p0,256,29829,59913,1581,792,1315,59658,136,59657,0,0,5497.945
17,geo:n16:p0,256,29829,59914,1577,790,1313,59658,135,59658,0,0,5445.180
18,geo:n16:p0,256,29829,59914,1580,789,1317,59658,135,59658,0,0,5368.972
19,geo:n16:p0,256,29829,59914,1578,789,1315,59658,135,59658,0,0,5364.846
20,geo:n16:p0,256,29829,59914,1573,788,1311,59658,135,59658,0,0,5418.847
21,geo:n16:p0,256,29829,59913,1575,788,1312,59658,135,59657,0,0,5358.567
1,geo:n16:p1,256,32400,65056,659,328,537,64800,62,64800,0,0,6684.563
2,geo:n16:p1,256,20959,42174,6140,2979,4710,41918,635,41918,0,0,1858.204
3,geo:n16:p1,256,28249,56753,2792,1377,2244,56498,260,56497,0,0,4436.268
4,geo:n16:p1,256,30660,61574,1036,510,805,61320,91,61318,0,0,5607.370
5,geo:n16:p1,256,31761,63778,1220,602,963,63522,117,63522,0,0,6196.942
6,geo:n16:p1,256,32061,64378,728,357,574,64122,58,64122,0,0,6426.862
7,geo:n16:p1,256,32249,64752,851,421,679,64498,79,64496,0,0,6475.410
8,geo:n16:p1,256,32329,64914,695,345,590,64658,60,64658,0,0,6646.937
9,geo:n16:p1,256,32377,65008,788,388,657,64754,70,64752,0,0,6605.766
10,geo:n16:p1,256,32391,65038,708,346,584,64782,71,64782,0,0,6587.795
11,geo:n16:p1,256,32395,65046,687,339,557,64790,70,64790,0,0,6710.256
12,geo:n16:p1,256,32396,65047,661,325,537,64792,61,64791,0,0,6800.194
13,geo:n16:p1,256,32399,65052,663,324,526,64798,63,64796,0,0,6684.574
14,geo:n16:p1,256,32399,65054,652,323,531,64798,62,64798,0,0,7110.689
15,geo:n16:p1,256,32399,65052,661,329,542,64798,60,64796,0,0,6932.470
16,geo:n16:p1,256,32399,65054,655,325,535,64798,61,64798,0,0,6746.456
17,geo:n16:p1,256,32400,65056,653,326,532,64800,62,64800,0,0,6715.669
18,geo:n16:p1,256,32400,65054,656,327,535,64800,62,64798,0,0,6508.159
19,geo:n16:p1,256,32400,65054,662,328,539,64800,62,64798,0,0,6711.904
1,geo:n16:p2,256,32453,65162,74,40,61,64906,9,64906,0,0,7807.422
2,geo:n16:p2,256,32640,65536,1,1,1,65280,1,65280,0,0,8231.881
3,geo:n16:p2,256,32640,65536,2,1,2,65280,1,65280,0,0,8004.639
4,geo:n16:p2,256,32640,65536,1,1,1,65280,1,65280,0,0,7732.205
5,geo:n16:p2,256,32640,65536,4,1,4,65280,1,65280,0,0,7709.415
6,geo:n16:p2,256,32616,65488,29,15,21,65232,4,65232,0,0,8016.323
7,geo:n16:p2,256,32587,65429,47,24,37,65174,4,65173,0,0,8110.369
8,geo:n16:p2,256,32557,65369,66,35,50,65114,8,65113,0,0,8214.381
9,geo:n16:p2,256,32499,65254,63,32,50,64998,9,64998,0,0,7816.339
10,geo:n16:p2,256,32478,65212,76,39,59,64956,9,64956,0,0,8005.969
11,geo:n16:p2,256,32462,65179,87,44,69,64924,10,64923,0,0,7724.586
12,geo:n16:p2,256,32458,65172,75,42,63,64916,7,64916,0,0,7778.308
13,geo:n16:p2,256,32456,65168,74,40,60,64912,9,64912,0,0,7766.370
14,geo:n16:p2,256,32455,65165,79,42,64,64910,10,64909,0,0,7743.173
15,geo:n16:p2,256,32454,65163,76,41,62,64908,9,64907,0,0,7619.728
16,geo:n16:p2,256,32454,65164,77,41,63,64908,9,64908,0,0,7728.696
17,geo:n16:p2,256,32454,65162,79,41,65,64908,9,64906,0,0,7804.952
18,geo:n16:p2,256,32454,65164,78,41,64,64908,9,64908,0,0,7666.630
19,geo:n16:p2,256,32454,65164,75,41,61,64908,9,64908,0,0,7845.723
20,geo:n16:p2,256,32454,65163,76,41,62,64908,9,64907,0,0,7933.687
21,geo:n16:p2,256,32454,65164,82,41,66,64908,9,64908,0,0,7889.971
22,geo:n16:p2,256,32454,65164,82,41,66,64908,9,64908,0,0,7486.980
1,geo:n16:p3,256,32318,64891,1530,754,1283,64636,112,64635,0,0,6546.006
2,geo:n16:p3,256,32640,65536,2,1,2,65280,1,65280,0,0,7040.796
3,geo:n16:p3,256,32640,65534,4,1,4,65280,1,65278,0,0,7196.682
4,geo:n16:p3,256,32632,65518,97,49,93,65264,2,65262,0,0,7044.752
5,geo:n16:p3,256,32534,65321,442,222,381,65068,23,65065,0,0,6866.686
6,geo:n16:p3,256,32448,65150,826,409,690,64896,51,64894,0,0,7388.569
7,geo:n16:p3,256,32390,65033,1109,546,949,64780,73,64777,0,0,7039.569
8,geo:n16:p3,256,32360,64974,1267,628,1044,64720,95,64718,0,0,6749.833
9,geo:n16:p3,256,32342,64937,1280,630,1068,64684,106,64681,0,0,6807.855
10,geo:n16:p3,256,32328,64912,1381,681,1156,64656,107,64656,0,0,6716.364
11,geo:n16:p3,256,32322,64899,1430,707,1191,64644,112,64643,0,0,6809.982
12,geo:n16:p3,256,32319,64894,1466,724,1235,64638,111,64638,0,0,6696.904
13,geo:n16:p3,256,32319,64892,1494,734,1255,64638,111,64636,0,0,6778.925
14,geo:n16:p3,256,32319,64894,1507,742,1263,64638,113,64638,0,0,6848.278
15,geo:n16:p3,256,32319,64893,1498,739,1254,64638,114,64637,0,0,7030.560
16,geo:n16:p3,256,32319,64894,1496,737,1251,64638,114,64638,0,0,6681.213
17,geo:n16:p3,256,32319,64893,1496,739,1254,64638,112,64637,0,0,6809.248
18,geo:n16:p3,256,32319,64891,1514,748,1268,64638,113,64635,0,0,7052.148
19,geo:n16:p3,256,32319,64893,1516,748,1270,64638,113,64637,0,0,7061.114
20,geo:n16:p3,256,32319,64893,1529,755,1280,64638,113,64637,0,0,7034.098
1,geo:n16:p4,256,31610,63476,5109,2498,4036,63220,497,63220,0,0,6611.304
2,geo:n16:p4,256,32640,65536,4,1,4,65280,1,65280,0,0,8621.983
3,geo:n16:p4,256,32640,65535,21,9,21,65280,1,65279,0,0,8303.303
4,geo:n16:p4,256,32557,65370,465,236,427,65114,16,65114,0,0,8003.774
5,geo:n16:p4,256,32335,64925,1635,821,1444,64670,122,64669,0,0,7680.142
6,geo:n16:p4,256,32107,64470,2687,1340,2309,64214,240,64214,0,0,7321.298
7,geo:n16:p4,256,31891,64038,3898,1916,3175,63782,365,63782,0,0,6921.898
8,geo:n16:p4,256,31782,63820,4615,2265,3716,63564,439,63564,0,0,6836.957
9,geo:n16:p4,256,31695,63646,4777,2337,3802,63390,461,63390,0,0,6672.478
10,geo:n16:p4,256,31654,63564,4924,2396,3846,63308,499,63308,0,0,6572.820
11,geo:n16:p4,256,31634,63522,4985,2429,3961,63268,480,63266,0,0,6584.365
12,geo:n16:p4,256,31623,63502,5072,2476,4034,63246,481,63246,0,0,6723.348
13,geo:n16:p4,256,31629,63514,5011,2442,3983,63258,480,63258,0,0,6427.917
14,geo:n16:p4,256,31632,63519,5053,2450,3983,63264,490,63263,0,0,6297.659
15,geo:n16:p4,256,31633,63522,5009,2437,3957,63266,489,63266,0,0,6391.815
16,geo:n16:p4,256,31634,63523,4956,2414,3929,63268,486,63267,0,0,6639.849
17,geo:n16:p4,256,31633,63522,4970,2421,3946,63266,484,63266,0,0,6540.877
18,geo:n16:p4,256,31634,63524,4988,2428,3956,63268,486,63268,0,0,6521.896
19,geo:n16:p4,256,31633,63522,4983,2425,3954,63266,485,63266,0,0,6675.510
20,geo:n16:p4,256,31633,63522,4985,2426,3956,63266,485,63266,0,0,6668.729
21,geo:n16:p4,256,31633,63522,4981,2425,3953,63266,485,63266,0,0,6458.100
22,geo:n16:p4,256,31633,63522,4985,2426,3955,63266,485,63266,0,0,6626.709
1,geo:n16:p5,256,26193,52642,836,428,681,52386,73,52386,0,0,4201.867
2,geo:n16:p5,256,32640,65536,1,1,1,65280,1,65280,0,0,7953.235
3,geo:n16:p5,256,32640,65536,14,8,13,65280,1,65280,0,0,7694.697
4,geo:n16:p5,256,31314,62884,538,280,453,62628,48,62628,0,0,6653.156
5,geo:n16:p5,256,28769,57794,1022,526,850,57538,89,57538,0,0,5131.816
6,geo:n16:p5,256,27352,54959,1102,561,918,54704,89,54703,0,0,4599.778
7,geo:n16:p5,256,26736,53728,954,489,773,53472,83,53472,0,0,4293.918
8,geo:n16:p5,256,26445,53146,879,446,717,52890,69,52890,0,0,4165.888
9,geo:n16:p5,256,26324,52904,872,447,709,52648,77,52648,0,0,4043.004
10,geo:n16:p5,256,26257,52770,857,442,708,52514,72,52514,0,0,4060.970
11,geo:n16:p5,256,26222,52700,862,444,717,52444,67,52444,0,0,3980.887
12,geo:n16:p5,256,26209,52673,857,440,707,52418,69,52417,0,0,4085.109
13,geo:n16:p5,256,26203,52662,871,446,711,52406,72,52406,0,0,4258.449
14,geo:n16:p5,256,26198,52652,846,433,692,52396,71,52396,0,0,3967.343
15,geo:n16:p5,256,26197,52650,860,440,696,52394,76,52394,0,0,3940.650
16,geo:n16:p5,256,26196,52647,856,436,691,52392,77,52391,0,0,4039.161
17,geo:n16:p5,256,26195,52646,843,431,684,52390,74,52390,0,0,4264.785
18,geo:n16:p5,256,26194,52644,843,431,682,52388,74,52388,0,0,3972.227
19,geo:n16:p5,256,26194,52644,842,431,682,52388,74,52388,0,0,3986.755
20,geo:n16:p5,256,26194,52644,840,430,682,52388,74,52388,0,0,4109.882
21,geo:n16:p5,256,26194,52644,839,430,681,52388,74,52388,0,0,4137.014
1,geo:n20:p0,400,73402,147203,3093,1530,2475,146804,273,146803,0,0,50892.110
2,geo:n20:p0,400,79777,159951,23,12,17,159554,5,159551,0,0,70440.787
3,geo:n20:p0,400,78762,157924,614,311,512,157524,49,157524,0,0,66317.051
1,geo:n20:p1,400,79306,159011,1207,591,963,158612,118,158611,0,0,68140.796
2,geo:n20:p1,400,51380,103159,11233,5450,8446,102760,1133,102759,0,0,20341.668
3,geo:n20:p1,400,69422,139238,4119,2018,3147,138844,391,138838,0,0,45684.789
4,geo:n20:p1,400,75563,151515,2789,1369,2205,151126,267,151115,0,0,58739.252
1,geo:n20:p2,400,79365,159129,162,87,135,158730,14,158729,0,0,80360.328
2,geo:n20:p2,400,79800,159999,1,1,1,159600,1,159599,0,0,80695.148
1,geo:n20:p3,400,79207,158813,2689,1327,2236,158414,214,158413,0,0,66970.295
2,geo:n20:p3,400,59103,118599,4178,2022,3143,118206,448,118199,0,0,31921.116
3,geo:n20:p3,400,72290,144979,3404,1665,2711,144580,319,144579,0,0,53894.201
4,geo:n20:p3,400,76004,152401,7218,3552,6150,152008,674,152001,0,0,58895.192
1,geo:n20:p4,400,77587,155573,10997,5338,8528,155174,1117,155173,0,0,61645.679
2,geo:n20:p4,400,39519,79438,7520,3712,5900,79038,762,79038,0,0,11280.377
3,geo:n20:p4,400,51938,104276,4581,2251,3517,103876,487,103876,0,0,23661.993
4,geo:n20:p4,400,62779,125956,17326,8390,12941,125558,1834,125556,0,0,35594.173
5,geo:n20:p4,400,72356,145112,22096,10626,16010,144712,2363,144712,0,0,50982.408
1,geo:n20:p5,400,63903,128205,1331,673,1081,127806,128,127805,0,0,39088.589
2,geo:n20:p5,400,44603,89606,2599,1289,2067,89206,280,89206,0,0,14519.074
3,geo:n20:p5,400,54358,109116,1280,658,1106,108716,108,108716,0,0,26038.270
4,geo:n20:p5,400,58011,116419,1063,540,928,116022,77,116019,0,0,30667.648
5,geo:n20:p5,400,60722,121842,899,468,792,121444,81,121442,0,0,33664.778
6,geo:n20:p5,400,62105,124609,981,507,885,124210,62,124209,0,0,36494.908
7,geo:n20:p5,400,62910,126219,1208,618,1047,125820,86,125819,0,0,36073.266
1,syn:n08:p0,64,993,2050,630,317,501,1986,60,1986,0,0,24.744
2,syn:n08:p0,64,1545,3154,801,399,653,3090,82,3090,0,0,35.552
3,syn:n08:p0,64,1260,2584,641,324,521,2520,66,2520,0,0,28.254
4,syn:n08:p0,64,1403,2870,668,334,562,2806,67,2806,0,0,31.377
5,syn:n08:p0,64,1326,2716,686,347,567,2652,73,2652,0,0,29.425
6,syn:n08:p0,64,1291,2646,680,343,552,2582,67,2582,0,0,28.875
7,syn:n08:p0,64,1313,2690,666,337,560,2626,72,2626,0,0,29.924
8,syn:n08:p0,64,1300,2664,680,341,567,2600,67,2600,0,0,28.905
9,syn:n08:p0,64,1297,2658,696,347,566,2594,73,2594,0,0,28.836
10,syn:n08:p0,64,1298,2660,671,335,559,2596,69,2596,0,0,29.000
11,syn:n08:p0,64,1300,2664,678,340,563,2600,70,2600,0,0,29.290
12,syn:n08:p0,64,1299,2662,666,336,556,2598,69,2598,0,0,40.029
13,syn:n08:p0,64,1299,2662,672,335,560,2598,69,2598,0,0,28.863
14,syn:n08:p0,64,1299,2662,662,336,552,2598,70,2598,0,0,29.311
15,syn:n08:p0,64,1299,2662,665,336,554,2598,69,2598,0,0,28.838
16,syn:n08:p0,64,1299,2662,663,336,554,2598,69,2598,0,0,33.973
17,syn:n08:p0,64,1299,2662,664,336,553,2598,70,2598,0,0,31.757
18,syn:n08:p0,64,1299,2662,664,336,553,2598,70,2598,0,0,29.303
19,syn:n08:p0,64,1299,2662,663,336,554,2598,69,2598,0,0,33.176
20,syn:n08:p0,64,1299,2662,664,336,554,2598,70,2598,0,0,30.798
21,syn:n08:p0,64,1299,2662,663,336,554,2598,69,2598,0,0,30.407
22,syn:n08:p0,64,1299,2662,663,336,554,2598,69,2598,0,0,30.264
23,syn:n08:p0,64,1299,2662,663,336,554,2598,69,2598,0,0,30.326
24,syn:n08:p0,64,1299,2662,663,336,554,2598,69,2598,0,0,28.680
25,syn:n08:p0,64,1299,2662,663,336,554,2598,69,2598,0,0,29.680
1,syn:n08:p1,64,925,1914,668,328,509,1850,80,1850,0,0,23.629
2,syn:n08:p1,64,1457,2978,549,272,444,2914,58,2914,0,0,43.640
3,syn:n08:p1,64,1617,3298,436,217,345,3234,42,3234,0,0,39.716
4,syn:n08:p1,64,1533,3130,434,222,359,3066,40,3066,0,0,34.192
5,syn:n08:p1,64,1577,3218,403,202,328,3154,41,3154,0,0,38.739
6,syn:n08:p1,64,1598,3260,402,206,340,3196,35,3196,0,0,37.865
7,syn:n08:p1,64,1607,3278,400,204,332,3214,38,3214,0,0,40.543
8,syn:n08:p1,64,1616,3296,434,218,351,3232,41,3232,0,0,36.696
9,syn:n08:p1,64,1608,3280,409,208,334,3216,39,3216,0,0,36.821
10,syn:n08:p1,64,1607,3278,405,206,335,3214,39,3214,0,0,36.561
11,syn:n08:p1,64,1608,3280,410,210,338,3216,39,3216,0,0,37.597
12,syn:n08:p1,64,1607,3278,403,206,334,3214,39,3214,0,0,36.560
13,syn:n08:p1,64,1608,3280,404,207,332,3216,40,3216,0,0,36.803
14,syn:n08:p1,64,1607,3278,403,206,333,3214,39,3214,0,0,37.042
15,syn:n08:p1,64,1608,3280,405,207,332,3216,40,3216,0,0,36.571
16,syn:n08:p1,64,1607,3278,407,206,336,3214,39,3214,0,0,36.758
17,syn:n08:p1,64,1607,3278,406,206,335,3214,39,3214,0,0,37.027
18,syn:n08:p1,64,1607,3278,406,206,335,3214,39,3214,0,0,36.900
19,syn:n08:p1,64,1607,3278,406,206,335,3214,39,3214,0,0,36.018
20,syn:n08:p1,64,1607,3278,406,206,335,3214,39,3214,0,0,44.206
21,syn:n08:p1,64,1607,3278,406,206,335,3214,39,3214,0,0,37.170
22,syn:n08:p1,64,1607,3278,402,206,333,3214,39,3214,0,0,36.182
23,syn:n08:p1,64,1608,3280,405,207,332,3216,40,3216,0,0,36.646
24,syn:n08:p1,64,1608,3280,405,207,332,3216,40,3216,0,0,37.279
25,syn:n08:p1,64,1608,3280,405,207,332,3216,40,3216,0,0,43.679
1,syn:n08:p2,64,519,1102,560,284,411,1038,68,1038,0,0,12.312
2,syn:n08:p2,64,909,1882,613,312,483,1818,64,1818,0,0,24.059
3,syn:n08:p2,64,1062,2188,538,267,426,2124,52,2124,0,0,23.583
4,syn:n08:p2,64,986,2036,638,326,493,1972,63,1972,0,0,22.348
5,syn:n08:p2,64,942,1948,644,323,487,1884,67,1884,0,0,21.577
6,syn:n08:p2,64,924,1912,638,326,493,1848,62,1848,0,0,20.314
7,syn:n08:p2,64,915,1894,651,330,499,1830,67,1830,0,0,20.920
8,syn:n08:p2,64,910,1884,627,317,491,1820,63,1820,0,0,21.043
9,syn:n08:p2,64,913,1890,626,318,486,1826,64,1826,0,0,20.597
10,syn:n08:p2,64,912,1888,625,321,487,1824,64,1824,0,0,20.060
11,syn:n08:p2,64,913,1890,622,317,485,1826,64,1826,0,0,21.052
12,syn:n08:p2,64,913,1890,620,316,482,1826,64,1826,0,0,20.034
13,syn:n08:p2,64,912,1888,626,320,488,1824,64,1824,0,0,20.025
14,syn:n08:p2,64,913,1890,618,315,481,1826,64,1826,0,0,24.311
15,syn:n08:p2,64,913,1890,617,315,482,1826,64,1826,0,0,22.719
16,syn:n08:p2,64,912,1888,626,320,489,1824,64,1824,0,0,20.522
17,syn:n08:p2,64,913,1890,618,315,482,1826,64,1826,0,0,22.483
18,syn:n08:p2,64,913,1890,630,321,489,1826,65,1826,0,0,21.873
19,syn:n08:p2,64,912,1888,626,320,489,1824,64,1824,0,0,23.674
20,syn:n08:p2,64,912,1888,626,320,489,1824,64,1824,0,0,23.198
21,syn:n08:p2,64,913,1890,630,321,489,1826,65,1826,0,0,19.919
22,syn:n08:p2,64,912,1888,626,320,489,1824,64,1824,0,0,21.014
23,syn:n08:p2,64,912,1888,626,320,489,1824,64,1824,0,0,20.545
24,syn:n08:p2,64,912,1888,626,320,489,1824,64,1824,0,0,24.857
25,syn:n08:p2,64,913,1890,630,321,489,1826,65,1826,0,0,20.978
1,syn:n08:p3,64,980,2024,940,455,679,1960,104,1960,0,0,22.094
2,syn:n08:p3,64,1596,3256,1007,491,752,3192,103,3192,0,0,36.896
3,syn:n08:p3,64,1311,2686,986,489,743,2622,107,2622,0,0,35.763
4,syn:n08:p3,64,1473,3010,1148,557,833,2946,121,2946,0,0,32.920
5,syn:n08:p3,64,1387,2838,1096,535,797,2774,113,2774,0,0,32.691
6,syn:n08:p3,64,1336,2736,971,469,726,2672,103,2672,0,0,30.013
7,syn:n08:p3,64,1325,2714,1032,505,751,2650,110,2650,0,0,33.857
8,syn:n08:p3,64,1321,2706,1036,503,759,2642,119,2642,0,0,33.373
9,syn:n08:p3,64,1316,2696,1023,497,757,2632,112,2632,0,0,31.205
10,syn:n08:p3,64,1317,2698,1044,509,762,2634,109,2634,0,0,36.902
11,syn:n08:p3,64,1316,2696,1031,502,756,2632,113,2632,0,0,30.850
12,syn:n08:p3,64,1317,2698,1037,504,759,2634,110,2634,0,0,33.300
13,syn:n08:p3,64,1316,2696,1021,496,751,2632,111,2632,0,0,30.452
14,syn:n08:p3,64,1316,2696,1035,504,758,2632,114,2632,0,0,28.847
15,syn:n08:p3,64,1316,2696,1035,504,758,2632,114,2632,0,0,28.858
16,syn:n08:p3,64,1316,2696,1031,502,756,2632,113,2632,0,0,29.922
17,syn:n08:p3,64,1316,2696,1031,502,756,2632,113,2632,0,0,32.405
18,syn:n08:p3,64,1316,2696,1032,503,757,2632,113,2632,0,0,34.926
19,syn:n08:p3,64,1316,2696,1032,503,757,2632,113,2632,0,0,31.867
20,syn:n08:p3,64,1316,2696,1035,504,758,2632,114,2632,0,0,33.628
21,syn:n08:p3,64,1316,2696,1035,504,758,2632,114,2632,0,0,29.223
22,syn:n08:p3,64,1316,2696,1032,503,757,2632,113,2632,0,0,34.236
23,syn:n08:p3,64,1316,2696,1032,503,757,2632,113,2632,0,0,30.464
24,syn:n08:p3,64,1316,2696,1035,504,758,2632,114,2632,0,0,37.331
25,syn:n08:p3,64,1316,2696,1035,504,758,2632,114,2632,0,0,29.935
1,syn:n08:p4,64,505,1074,426,216,336,1010,57,1010,0,0,11.758
2,syn:n08:p4,64,949,1962,695,343,541,1898,76,1898,0,0,20.664
3,syn:n08:p4,64,717,1498,573,294,449,1434,62,1434,0,0,21.392
4,syn:n08:p4,64,654,1372,608,307,438,1308,74,1308,0,0,14.502
5,syn:n08:p4,64,590,1244,615,303,439,1180,82,1180,0,0,13.329
6,syn:n08:p4,64,629,1322,667,329,486,1258,77,1258,0,0,15.592
7,syn:n08:p4,64,619,1302,658,331,479,1238,83,1238,0,0,14.720
8,syn:n08:p4,64,626,1316,668,336,494,1252,80,1252,0,0,18.343
9,syn:n08:p4,64,624,1312,661,332,479,1248,82,1248,0,0,13.662
10,syn:n08:p4,64,624,1312,671,334,481,1248,80,1248,0,0,13.846
11,syn:n08:p4,64,626,1316,672,337,486,1252,81,1252,0,0,13.739
12,syn:n08:p4,64,626,1316,670,338,486,1252,82,1252,0,0,15.697
13,syn:n08:p4,64,626,1316,674,338,487,1252,82,1252,0,0,14.633
14,syn:n08:p4,64,626,1316,674,338,487,1252,82,1252,0,0,14.064
15,syn:n08:p4,64,626,1316,674,337,486,1252,81,1252,0,0,15.546
16,syn:n08:p4,64,626,1316,673,338,486,1252,82,1252,0,0,16.010
17,syn:n08:p4,64,626,1316,673,338,486,1252,82,1252,0,0,14.304
18,syn:n08:p4,64,626,1316,673,338,486,1252,82,1252,0,0,15.148
19,syn:n08:p4,64,626,1316,674,337,486,1252,81,1252,0,0,14.396
20,syn:n08:p4,64,626,1316,673,338,486,1252,82,1252,0,0,14.085
21,syn:n08:p4,64,626,1316,674,337,486,1252,81,1252,0,0,14.050
22,syn:n08:p4,64,626,1316,674,337,486,1252,81,1252,0,0,14.008
23,syn:n08:p4,64,626,1316,673,338,486,1252,82,1252,0,0,15.781
24,syn:n08:p4,64,626,1316,673,338,486,1252,81,1252,0,0,14.239
25,syn:n08:p4,64,626,1316,674,337,486,1252,81,1252,0,0,15.978
1,syn:n08:p5,64,389,842,478,241,330,778,69,778,0,0,10.329
2,syn:n08:p5,64,648,1360,533,270,397,1296,62,1296,0,0,15.085
3,syn:n08:p5,64,514,1092,443,226,347,1028,52,1028,0,0,17.632
4,syn:n08:p5,64,460,984,510,262,365,920,61,920,0,0,11.574
5,syn:n08:p5,64,422,908,489,243,347,844,63,844,0,0,10.362
6,syn:n08:p5,64,403,870,484,248,342,806,67,806,0,0,9.427
7,syn:n08:p5,64,398,860,502,256,338,796,71,796,0,0,9.510
8,syn:n08:p5,64,392,848,484,242,332,784,70,784,0,0,10.218
9,syn:n08:p5,64,392,848,483,243,328,784,70,784,0,0,10.109
10,syn:n08:p5,64,391,846,468,238,327,782,69,782,0,0,9.197
11,syn:n08:p5,64,391,846,481,244,331,782,71,782,0,0,14.099
12,syn:n08:p5,64,391,846,481,244,331,782,71,782,0,0,10.137
13,syn:n08:p5,64,390,844,475,242,325,780,70,780,0,0,9.538
14,syn:n08:p5,64,390,844,476,242,326,780,70,780,0,0,9.398
15,syn:n08:p5,64,390,844,476,242,326,780,70,780,0,0,9.325
16,syn:n08:p5,64,390,844,476,242,326,780,70,780,0,0,9.754
17,syn:n08:p5,64,390,844,476,242,326,780,70,780,0,0,9.116
18,syn:n08:p5,64,390,844,476,242,326,780,70,780,0,0,9.278
19,syn:n08:p5,64,390,844,476,242,326,780,70,780,0,0,9.431
20,syn:n08:p5,64,390,844,476,242,326,780,70,780,0,0,9.155
21,syn:n08:p5,64,390,844,476,242,326,780,70,780,0,0,9.204
22,syn:n08:p5,64,390,844,476,242,326,780,70,780,0,0,9.106
23,syn:n08:p5,64,390,844,476,242,326,780,70,780,0,0,9.788
24,syn:n08:p5,64,390,844,476,242,326,780,70,780,0,0,12.658
25,syn:n08:p5,64,390,844,476,242,326,780,70,780,0,0,9.665
26,syn:n08:p5,64,390,844,476,242,326,780,70,780,0,0,10.175
1,syn:n12:p0,144,3270,6684,2996,1483,2240,6540,303,6540,0,0,88.465
2,syn:n12:p0,144,5292,10728,3039,1495,2363,10584,293,10584,0,0,164.134
3,syn:n12:p0,144,4304,8752,2977,1465,2259,8608,309,8608,0,0,123.911
4,syn:n12:p0,144,4827,9798,3120,1531,2407,9654,328,9654,0,0,149.234
5,syn:n12:p0,144,4548,9240,3143,1556,2422,9096,320,9096,0,0,130.314
6,syn:n12:p0,144,4695,9534,3023,1493,2303,9390,305,9390,0,0,133.823
7,syn:n12:p0,144,4638,9420,3152,1549,2387,9276,326,9276,0,0,132.217
8,syn:n12:p0,144,4611,9366,3224,1566,2386,9222,347,9222,0,0,135.394
9,syn:n12:p0,144,4569,9282,3226,1578,2461,9138,329,9138,0,0,129.192
10,syn:n12:p0,144,4591,9326,3245,1588,2441,9182,335,9182,0,0,129.103
11,syn:n12:p0,144,4584,9312,3267,1598,2461,9168,338,9168,0,0,134.778
12,syn:n12:p0,144,4571,9286,3243,1588,2465,9142,328,9142,0,0,131.300
13,syn:n12:p0,144,4584,9312,3276,1603,2473,9168,342,9168,0,0,138.360
14,syn:n12:p0,144,4572,9288,3254,1588,2468,9144,332,9144,0,0,144.883
15,syn:n12:p0,144,4584,9312,3276,1602,2472,9168,342,9168,0,0,129.315
16,syn:n12:p0,144,4572,9288,3260,1588,2474,9144,332,9144,0,0,137.466
17,syn:n12:p0,144,4584,9312,3279,1601,2476,9168,341,9168,0,0,141.035
18,syn:n12:p0,144,4572,9288,3257,1589,2473,9144,331,9144,0,0,139.984
19,syn:n12:p0,144,4572,9288,3257,1589,2473,9144,331,9144,0,0,134.941
20,syn:n12:p0,144,4572,9288,3257,1589,2474,9144,331,9144,0,0,137.895
21,syn:n12:p0,144,4584,9312,3278,1601,2475,9168,341,9168,0,0,127.657
22,syn:n12:p0,144,4584,9312,3278,1601,2474,9168,341,9168,0,0,130.995
23,syn:n12:p0,144,4572,9288,3257,1589,2474,9144,331,9144,0,0,136.847
24,syn:n12:p0,144,4584,9312,3280,1602,2474,9168,341,9168,0,0,141.113
25,syn:n12:p0,144,4572,9288,3257,1589,2474,9144,331,9144,0,0,137.847
26,syn:n12:p0,144,4572,9288,3258,1590,2474,9144,331,9144,0,0,135.817
1,syn:n12:p1,144,2548,5240,2310,1129,1686,5096,236,5096,0,0,72.229
2,syn:n12:p1,144,4047,8238,1713,860,1373,8094,158,8094,0,0,119.425
3,syn:n12:p1,144,3319,6782,2151,1064,1619,6638,220,6638,0,0,89.104
4,syn:n12:p1,144,2913,5970,2083,1016,1573,5826,216,5826,0,0,79.086
5,syn:n12:p1,144,3133,6410,2267,1111,1697,6266,267,6266,0,0,88.409
6,syn:n12:p1,144,3242,6628,2307,1133,1691,6484,245,6484,0,0,95.928
7,syn:n12:p1,144,3262,6668,2212,1097,1641,6524,221,6524,0,0,103.808
8,syn:n12:p1,144,3293,6730,2176,1076,1631,6586,220,6586,0,0,95.643
9,syn:n12:p1,144,3309,6762,2146,1059,1602,6618,222,6618,0,0,94.202
10,syn:n12:p1,144,3312,6768,2143,1054,1618,6624,213,6624,0,0,86.700
11,syn:n12:p1,144,3312,6768,2174,1062,1618,6624,222,6624,0,0,90.051
12,syn:n12:p1,144,3312,6768,2146,1051,1609,6624,218,6624,0,0,98.995
13,syn:n12:p1,144,3312,6768,2146,1054,1612,6624,219,6624,0,0,95.839
14,syn:n12:p1,144,3312,6768,2142,1052,1609,6624,220,6624,0,0,93.507
15,syn:n12:p1,144,3312,6768,2150,1054,1608,6624,220,6624,0,0,92.506
16,syn:n12:p1,144,3312,6768,2151,1052,1615,6624,219,6624,0,0,95.217
17,syn:n12:p1,144,3312,6768,2152,1052,1615,6624,219,6624,0,0,98.383
18,syn:n12:p1,144,3312,6768,2150,1052,1615,6624,219,6624,0,0,93.147
19,syn:n12:p1,144,3312,6768,2146,1051,1609,6624,218,6624,0,0,101.933
20,syn:n12:p1,144,3312,6768,2147,1051,1609,6624,218,6624,0,0,96.037
21,syn:n12:p1,144,3312,6768,2150,1052,1615,6624,219,6624,0,0,90.534
22,syn:n12:p1,144,3312,6768,2150,1052,1615,6624,219,6624,0,0,92.768
23,syn:n12:p1,144,3312,6768,2147,1051,1609,6624,218,6624,0,0,86.986
24,syn:n12:p1,144,3312,6768,2150,1052,1615,6624,219,6624,0,0,86.655
25,syn:n12:p1,144,3312,6768,2150,1052,1615,6624,219,6624,0,0,95.997
1,syn:n12:p2,144,1741,3626,1947,970,1375,3482,245,3482,0,0,46.919
2,syn:n12:p2,144,3118,6380,2511,1242,1885,6236,286,6236,0,0,99.519
3,syn:n12:p2,144,3853,7850,2902,1422,2185,7706,307,7706,0,0,111.400
4,syn:n12:p2,144,3467,7078,2884,1429,2154,6934,303,6934,0,0,108.025
5,syn:n12:p2,144,3303,6750,2661,1306,1997,6606,293,6606,0,0,89.662
6,syn:n12:p2,144,3380,6904,2726,1342,2073,6760,292,6760,0,0,88.114
7,syn:n12:p2,144,3423,6990,2769,1368,2078,6846,293,6846,0,0,91.241
8,syn:n12:p2,144,3408,6960,2762,1357,2075,6816,295,6816,0,0,98.786
9,syn:n12:p2,144,3415,6974,2733,1346,2069,6830,293,6830,0,0,99.763
10,syn:n12:p2,144,3420,6984,2737,1356,2062,6840,292,6840,0,0,97.259
11,syn:n12:p2,144,3417,6978,2719,1343,2060,6834,292,6834,0,0,103.248
12,syn:n12:p2,144,3417,6978,2724,1344,2057,6834,296,6834,0,0,93.529
13,syn:n12:p2,144,3416,6976,2726,1342,2057,6832,295,6832,0,0,92.541
14,syn:n12:p2,144,3416,6976,2731,1343,2062,6832,295,6832,0,0,116.896
15,syn:n12:p2,144,3416,6976,2730,1342,2060,6832,295,6832,0,0,111.977
16,syn:n12:p2,144,3416,6976,2728,1342,2058,6832,295,6832,0,0,99.159
17,syn:n12:p2,144,3416,6976,2729,1342,2060,6832,295,6832,0,0,101.343
18,syn:n12:p2,144,3416,6976,2731,1343,2062,6832,295,6832,0,0,105.448
19,syn:n12:p2,144,3416,6976,2729,1342,2060,6832,295,6832,0,0,109.942
20,syn:n12:p2,144,3416,6976,2731,1343,2062,6832,295,6832,0,0,113.647
21,syn:n12:p2,144,3416,6976,2731,1343,2062,6832,295,6832,0,0,91.225
22,syn:n12:p2,144,3416,6976,2729,1342,2060,6832,295,6832,0,0,100.486
23,syn:n12:p2,144,3416,6976,2731,1343,2062,6832,295,6832,0,0,90.613
24,syn:n12:p2,144,3416,6976,2731,1343,2061,6832,295,6832,0,0,97.519
25,syn:n12:p2,144,3416,6976,2732,1343,2061,6832,295,6832,0,0,122.382
1,syn:n12:p3,144,5371,10886,2515,1234,2005,10742,251,10742,0,0,170.991
2,syn:n12:p3,144,7616,15376,1803,896,1468,15232,152,15232,0,0,277.567
3,syn:n12:p3,144,6535,13214,2163,1074,1715,13070,209,13070,0,0,207.898
4,syn:n12:p3,144,7136,14416,2158,1065,1726,14272,207,14272,0,0,236.882
5,syn:n12:p3,144,7378,14900,1828,901,1506,14756,173,14756,0,0,251.979
6,syn:n12:p3,144,7273,14690,1948,969,1582,14546,189,14546,0,0,250.243
7,syn:n12:p3,144,7323,14790,1817,907,1499,14646,173,14646,0,0,247.452
8,syn:n12:p3,144,7343,14830,1795,886,1470,14686,166,14686,0,0,253.962
9,syn:n12:p3,144,7362,14868,1835,897,1475,14724,170,14724,0,0,252.718
10,syn:n12:p3,144,7370,14884,1824,897,1496,14740,168,14740,0,0,258.597
11,syn:n12:p3,144,7374,14892,1839,905,1509,14748,174,14748,0,0,252.651
12,syn:n12:p3,144,7376,14896,1838,908,1514,14752,173,14752,0,0,239.881
13,syn:n12:p3,144,7375,14894,1850,909,1517,14750,175,14750,0,0,257.067
14,syn:n12:p3,144,7375,14894,1836,902,1514,14750,173,14750,0,0,263.459
15,syn:n12:p3,144,7375,14894,1835,902,1514,14750,173,14750,0,0,253.794
16,syn:n12:p3,144,7375,14894,1847,909,1518,14750,174,14750,0,0,257.213
17,syn:n12:p3,144,7375,14894,1855,909,1522,14750,174,14750,0,0,239.809
18,syn:n12:p3,144,7375,14894,1849,906,1517,14750,173,14750,0,0,243.314
19,syn:n12:p3,144,7375,14894,1850,906,1518,14750,173,14750,0,0,240.296
20,syn:n12:p3,144,7375,14894,1856,909,1522,14750,174,14750,0,0,240.904
21,syn:n12:p3,144,7375,14894,1856,909,1522,14750,174,14750,0,0,252.897
22,syn:n12:p3,144,7375,14894,1850,906,1518,14750,173,14750,0,0,258.941
23,syn:n12:p3,144,7375,14894,1856,909,1522,14750,174,14750,0,0,248.937
24,syn:n12:p3,144,7375,14894,1856,909,1522,14750,174,14750,0,0,248.345
25,syn:n12:p3,144,7375,14894,1857,910,1522,14750,174,14750,0,0,263.147
1,syn:n12:p4,144,4486,9116,3693,1798,2745,8972,392,8972,0,0,134.329
2,syn:n12:p4,144,7577,15298,4631,2262,3605,15154,480,15154,0,0,257.050
3,syn:n12:p4,144,6087,12318,4616,2249,3481,12174,470,12174,0,0,187.683
4,syn:n12:p4,144,5230,10604,3762,1844,2857,10460,401,10460,0,0,151.845
5,syn:n12:p4,144,4857,9858,3668,1789,2716,9714,401,9714,0,0,136.718
6,syn:n12:p4,144,4656,9456,3692,1815,2758,9312,381,9312,0,0,135.742
7,syn:n12:p4,144,4574,9292,3628,1773,2726,9148,387,9148,0,0,126.584
8,syn:n12:p4,144,4530,9204,3683,1798,2729,9060,392,9060,0,0,132.226
9,syn:n12:p4,144,4507,9158,3582,1752,2665,9014,390,9014,0,0,128.740
10,syn:n12:p4,144,4495,9134,3646,1772,2713,8990,387,8990,0,0,125.635
11,syn:n12:p4,144,4492,9128,3628,1768,2703,8984,388,8984,0,0,132.899
12,syn:n12:p4,144,4490,9124,3661,1783,2726,8980,389,8980,0,0,121.996
13,syn:n12:p4,144,4488,9120,3674,1794,2737,8976,395,8976,0,0,126.049
14,syn:n12:p4,144,4487,9118,3685,1794,2743,8974,392,8974,0,0,123.317
15,syn:n12:p4,144,4487,9118,3679,1795,2735,8974,394,8974,0,0,125.124
16,syn:n12:p4,144,4487,9118,3709,1800,2748,8974,394,8974,0,0,131.877
17,syn:n12:p4,144,4487,9118,3699,1800,2744,8974,393,8974,0,0,124.104
18,syn:n12:p4,144,4487,9118,3701,1800,2742,8974,393,8974,0,0,126.394
19,syn:n12:p4,144,4487,9118,3696,1799,2744,8974,393,8974,0,0,135.280
20,syn:n12:p4,144,4487,9118,3697,1799,2746,8974,393,8974,0,0,124.821
21,syn:n12:p4,144,4487,9118,3696,1799,2745,8974,393,8974,0,0,142.188
22,syn:n12:p4,144,4487,9118,3696,1799,2745,8974,393,8974,0,0,126.719
23,syn:n12:p4,144,4487,9118,3697,1799,2746,8974,393,8974,0,0,129.993
24,syn:n12:p4,144,4487,9118,3697,1799,2746,8974,393,8974,0,0,134.586
25,syn:n12:p4,144,4487,9118,3697,1799,2746,8974,393,8974,0,0,125.876
1,syn:n12:p5,144,2596,5336,2450,1195,1807,5192,277,5192,0,0,74.327
2,syn:n12:p5,144,4448,9040,2885,1405,2138,8896,309,8896,0,0,133.466
3,syn:n12:p5,144,5246,10636,2591,1273,1994,10492,262,10492,0,0,157.750
4,syn:n12:p5,144,4839,9822,2586,1282,1986,9678,268,9678,0,0,143.445
5,syn:n12:p5,144,4666,9476,2791,1366,2073,9332,294,9332,0,0,129.121
6,syn:n12:p5,144,4547,9238,2871,1405,2158,9094,295,9094,0,0,124.932
7,syn:n12:p5,144,4494,9132,2810,1387,2109,8988,296,8988,0,0,125.237
8,syn:n12:p5,144,4521,9186,2869,1414,2150,9042,299,9042,0,0,134.869
9,syn:n12:p5,144,4537,9218,2885,1423,2156,9074,299,9074,0,0,125.729
10,syn:n12:p5,144,4530,9204,2893,1422,2151,9060,302,9060,0,0,141.795
11,syn:n12:p5,144,4535,9214,2861,1413,2132,9070,301,9070,0,0,130.583
12,syn:n12:p5,144,4536,9216,2877,1412,2147,9072,300,9072,0,0,125.898
13,syn:n12:p5,144,4536,9216,2868,1415,2140,9072,300,9072,0,0,138.976
14,syn:n12:p5,144,4536,9216,2878,1417,2141,9072,301,9072,0,0,130.406
15,syn:n12:p5,144,4535,9214,2876,1416,2138,9070,301,9070,0,0,127.310
16,syn:n12:p5,144,4535,9214,2881,1416,2143,9070,300,9070,0,0,135.475
17,syn:n12:p5,144,4535,9214,2878,1416,2141,9070,300,9070,0,0,126.604
18,syn:n12:p5,144,4535,9214,2878,1416,2141,9070,300,9070,0,0,125.281
19,syn:n12:p5,144,4535,9214,2877,1416,2140,9070,300,9070,0,0,126.757
20,syn:n12:p5,144,4535,9214,2876,1416,2139,9070,300,9070,0,0,135.679
21,syn:n12:p5,144,4536,9216,2876,1417,2140,9072,301,9072,0,0,130.736
22,syn:n12:p5,144,4535,9214,2876,1416,2139,9070,300,9070,0,0,131.669
23,syn:n12:p5,144,4535,9214,2876,1416,2139,9070,300,9070,0,0,132.079
24,syn:n12:p5,144,4535,9214,2876,1416,2139,9070,300,9070,0,0,139.269
25,syn:n12:p5,144,4536,9216,2876,1417,2140,9072,301,9072,0,0,131.709
1,syn:n16:p0,256,5178,10612,5328,2609,3961,10356,572,10356,0,0,182.366
2,syn:n16:p0,256,9338,18932,6913,3393,5238,18676,684,18676,0,0,353.394
3,syn:n16:p0,256,11321,22898,6925,3398,5320,22642,675,22642,0,0,486.845
4,syn:n16:p0,256,12319,24894,6888,3381,5250,24638,677,24638,0,0,522.629
5,syn:n16:p0,256,12777,25810,6949,3386,5266,25554,680,25554,0,0,568.314
6,syn:n16:p0,256,13060,26376,7075,3462,5477,26120,696,26120,0,0,597.282
7,syn:n16:p0,256,12931,26118,7097,3469,5443,25862,701,25862,0,0,597.502
8,syn:n16:p0,256,12833,25922,6878,3369,5289,25666,674,25666,0,0,598.999
9,syn:n16:p0,256,12880,26016,6942,3393,5296,25760,698,25760,0,0,606.724
10,syn:n16:p0,256,12862,25980,6919,3395,5336,25724,684,25724,0,0,577.063
11,syn:n16:p0,256,12872,26000,6914,3387,5318,25744,690,25744,0,0,590.512
12,syn:n16:p0,256,12868,25992,6897,3387,5326,25736,690,25736,0,0,603.013
13,syn:n16:p0,256,12870,25996,6919,3389,5331,25740,691,25740,0,0,615.244
14,syn:n16:p0,256,12872,26000,6903,3382,5315,25744,693,25744,0,0,592.424
15,syn:n16:p0,256,12871,25998,6908,3383,5315,25742,691,25742,0,0,588.464
16,syn:n16:p0,256,12870,25996,6921,3394,5330,25740,693,25740,0,0,593.202
17,syn:n16:p0,256,12870,25996,6913,3392,5324,25740,692,25740,0,0,601.848
18,syn:n16:p0,256,12870,25996,6915,3394,5324,25740,692,25740,0,0,576.542
19,syn:n16:p0,256,12870,25996,6920,3394,5330,25740,693,25740,0,0,597.952
20,syn:n16:p0,256,12870,25996,6921,3393,5329,25740,693,25740,0,0,613.482
21,syn:n16:p0,256,12870,25996,6919,3395,5328,25740,692,25740,0,0,605.376
22,syn:n16:p0,256,12870,25996,6918,3394,5328,25740,692,25740,0,0,591.575
23,syn:n16:p0,256,12870,25996,6919,3394,5329,25740,692,25740,0,0,635.093
24,syn:n16:p0,256,12870,25996,6919,3394,5329,25740,692,25740,0,0,612.352
25,syn:n16:p0,256,12870,25996,6919,3394,5329,25740,692,25740,0,0,591.046
1,syn:n16:p1,256,6426,13108,6247,3027,4466,12852,720,12852,0,0,224.441
2,syn:n16:p1,256,11160,22576,7316,3573,5468,22320,750,22320,0,0,461.227
3,syn:n16:p1,256,13404,27064,7285,3565,5509,26808,739,26808,0,0,651.543
4,syn:n16:p1,256,12284,24824,7009,3435,5360,24568,715,24568,0,0,566.536
5,syn:n16:p1,256,11717,23690,7257,3543,5502,23434,741,23434,0,0,499.725
6,syn:n16:p1,256,12014,24284,7208,3515,5523,24028,729,24028,0,0,526.419
7,syn:n16:p1,256,12144,24544,7155,3508,5479,24288,732,24288,0,0,521.569
8,syn:n16:p1,256,12090,24436,6939,3401,5334,24180,721,24180,0,0,512.625
9,syn:n16:p1,256,12110,24476,6988,3427,5356,24220,729,24220,0,0,595.007
10,syn:n16:p1,256,12100,24456,6941,3388,5334,24200,725,24200,0,0,530.911
11,syn:n16:p1,256,12095,24446,6923,3385,5324,24190,723,24190,0,0,527.127
12,syn:n16:p1,256,12098,24452,6937,3384,5327,24196,730,24196,0,0,531.131
13,syn:n16:p1,256,12098,24452,6931,3385,5315,24196,728,24196,0,0,515.342
14,syn:n16:p1,256,12098,24452,6933,3388,5319,24196,729,24196,0,0,513.222
15,syn:n16:p1,256,12098,24452,6923,3384,5315,24196,729,24196,0,0,514.334
16,syn:n16:p1,256,12098,24452,6925,3389,5318,24196,729,24196,0,0,560.132
17,syn:n16:p1,256,12098,24452,6924,3387,5313,24196,729,24196,0,0,545.365
18,syn:n16:p1,256,12098,24452,6932,3388,5320,24196,728,24196,0,0,538.594
19,syn:n16:p1,256,12098,24452,6928,3387,5316,24196,728,24196,0,0,526.168
20,syn:n16:p1,256,12098,24452,6928,3389,5315,24196,730,24196,0,0,545.030
21,syn:n16:p1,256,12098,24452,6926,3387,5312,24196,730,24196,0,0,533.841
22,syn:n16:p1,256,12098,24452,6925,3387,5314,24196,728,24196,0,0,528.763
23,syn:n16:p1,256,12098,24452,6926,3387,5312,24196,730,24196,0,0,515.558
24,syn:n16:p1,256,12098,24452,6926,3387,5312,24196,730,24196,0,0,536.766
25,syn:n16:p1,256,12098,24452,6926,3387,5312,24196,730,24196,0,0,524.250
1,syn:n16:p2,256,3268,6792,3544,1763,2426,6536,456,6536,0,0,117.829
2,syn:n16:p2,256,5713,11682,4294,2114,3185,11426,477,11426,0,0,206.372
3,syn:n16:p2,256,4546,9348,4009,1998,2904,9092,450,9092,0,0,152.831
4,syn:n16:p2,256,3942,8140,3811,1885,2693,7884,458,7884,0,0,149.688
5,syn:n16:p2,256,3594,7444,3767,1877,2608,7188,450,7188,0,0,130.750
6,syn:n16:p2,256,3777,7810,3790,1876,2640,7554,461,7554,0,0,120.448
7,syn:n16:p2,256,3867,7990,3802,1891,2690,7734,453,7734,0,0,143.076
8,syn:n16:p2,256,3827,7910,3853,1905,2684,7654,470,7654,0,0,133.272
9,syn:n16:p2,256,3810,7876,3813,1894,2658,7620,467,7620,0,0,131.586
10,syn:n16:p2,256,3802,7860,3815,1889,2652,7604,470,7604,0,0,137.623
11,syn:n16:p2,256,3806,7868,3791,1879,2650,7612,462,7612,0,0,125.300
12,syn:n16:p2,256,3805,7866,3805,1889,2657,7610,464,7610,0,0,141.218
13,syn:n16:p2,256,3803,7862,3806,1892,2646,7606,469,7606,0,0,134.511
14,syn:n16:p2,256,3804,7864,3819,1895,2653,7608,470,7608,0,0,139.194
15,syn:n16:p2,256,3804,7864,3811,1890,2659,7608,463,7608,0,0,126.888
16,syn:n16:p2,256,3804,7864,3822,1897,2655,7608,469,7608,0,0,130.201
17,syn:n16:p2,256,3804,7864,3804,1890,2659,7608,463,7608,0,0,128.408
18,syn:n16:p2,256,3804,7864,3809,1890,2657,7608,465,7608,0,0,151.212
19,syn:n16:p2,256,3804,7864,3809,1890,2656,7608,465,7608,0,0,131.139
20,syn:n16:p2,256,3804,7864,3804,1890,2659,7608,463,7608,0,0,138.831
21,syn:n16:p2,256,3804,7864,3809,1890,2656,7608,465,7608,0,0,146.942
22,syn:n16:p2,256,3804,7864,3809,1890,2656,7608,465,7608,0,0,158.921
23,syn:n16:p2,256,3804,7864,3804,1889,2658,7608,464,7608,0,0,128.906
24,syn:n16:p2,256,3804,7864,3809,1890,2656,7608,465,7608,0,0,138.033
25,syn:n16:p2,256,3804,7864,3809,1890,2656,7608,465,7608,0,0,153.423
1,syn:n16:p3,256,18327,36910,10708,5191,7978,36654,1087,36654,0,0,1259.866
2,syn:n16:p3,256,25835,51926,4050,1989,3218,51670,376,51670,0,0,3223.333
3,syn:n16:p3,256,22756,45768,7556,3697,5909,45512,726,45512,0,0,2101.888
4,syn:n16:p3,256,20693,41642,8809,4283,6789,41386,881,41386,0,0,1644.496
5,syn:n16:p3,256,21731,43718,8245,4013,6364,43462,785,43462,0,0,1909.702
6,syn:n16:p3,256,21277,42810,8624,4210,6709,42554,851,42554,0,0,1770.985
7,syn:n16:p3,256,20977,42210,8815,4300,6787,41954,868,41954,0,0,1733.785
8,syn:n16:p3,256,20833,41922,8790,4279,6802,41666,857,41666,0,0,1771.307
9,syn:n16:p3,256,20913,42082,8760,4254,6736,41826,876,41826,0,0,1760.341
10,syn:n16:p3,256,20946,42148,8822,4310,6759,41892,859,41892,0,0,1739.732
11,syn:n16:p3,256,20932,42120,8828,4294,6755,41864,867,41864,0,0,1854.060
12,syn:n16:p3,256,20938,42132,8818,4300,6735,41876,867,41876,0,0,1693.633
13,syn:n16:p3,256,20934,42124,8834,4306,6759,41868,865,41868,0,0,1827.024
14,syn:n16:p3,256,20933,42122,8845,4303,6765,41866,869,41866,0,0,1790.530
15,syn:n16:p3,256,20933,42122,8836,4292,6755,41866,871,41866,0,0,1759.024
16,syn:n16:p3,256,20932,42120,8814,4295,6751,41864,867,41864,0,0,1861.454
17,syn:n16:p3,256,20933,42122,8841,4299,6756,41866,870,41866,0,0,1901.122
18,syn:n16:p3,256,20933,42122,8826,4295,6750,41866,870,41866,0,0,1852.975
19,syn:n16:p3,256,20933,42122,8829,4294,6754,41866,869,41866,0,0,1751.986
20,syn:n16:p3,256,20933,42122,8828,4294,6755,41866,869,41866,0,0,1844.668
21,syn:n16:p3,256,20933,42122,8816,4294,6749,41866,869,41866,0,0,2087.102
22,syn:n16:p3,256,20932,42120,8816,4295,6751,41864,867,41864,0,0,1887.641
23,syn:n16:p3,256,20933,42122,8815,4294,6748,41866,869,41866,0,0,1756.256
24,syn:n16:p3,256,20933,42122,8815,4295,6750,41866,868,41866,0,0,1736.828
25,syn:n16:p3,256,20933,42122,8814,4294,6749,41866,868,41866,0,0,2502.267
26,syn:n16:p3,256,20932,42120,8811,4293,6749,41864,867,41864,0,0,3101.885
1,syn:n16:p4,256,7973,16202,7357,3585,5327,15946,795,15946,0,0,347.954
2,syn:n16:p4,256,13842,27940,8586,4193,6567,27684,871,27684,0,0,969.095
3,syn:n16:p4,256,16442,33140,7949,3909,6132,32884,794,32884,0,0,1085.638
4,syn:n16:p4,256,17732,35720,7619,3744,5968,35464,744,35464,0,0,1415.253
5,syn:n16:p4,256,18352,36960,7241,3556,5662,36704,728,36704,0,0,1363.772
6,syn:n16:p4,256,18640,37536,7261,3555,5661,37280,702,37280,0,0,1506.371
7,syn:n16:p4,256,18519,37294,7354,3599,5722,37038,731,37038,0,0,1291.844
8,syn:n16:p4,256,18570,37396,7346,3588,5719,37140,718,37140,0,0,1358.561
9,syn:n16:p4,256,18611,37478,7142,3499,5653,37222,677,37222,0,0,1329.236
10,syn:n16:p4,256,18625,37506,7233,3545,5660,37250,699,37250,0,0,1328.065
11,syn:n16:p4,256,18617,37490,7247,3547,5711,37234,681,37234,0,0,1709.889
12,syn:n16:p4,256,18622,37500,7248,3547,5688,37244,693,37244,0,0,1507.221
13,syn:n16:p4,256,18619,37494,7234,3544,5677,37238,689,37238,0,0,1462.099
14,syn:n16:p4,256,18618,37492,7199,3529,5663,37236,688,37236,0,0,1461.400
15,syn:n16:p4,256,18617,37490,7196,3529,5659,37234,685,37234,0,0,1392.657
16,syn:n16:p4,256,18617,37490,7228,3542,5684,37234,685,37234,0,0,1460.132
17,syn:n16:p4,256,18617,37490,7209,3531,5669,37234,685,37234,0,0,1380.523
18,syn:n16:p4,256,18617,37490,7213,3532,5676,37234,685,37234,0,0,1413.320
19,syn:n16:p4,256,18617,37490,7203,3533,5667,37234,685,37234,0,0,1650.592
20,syn:n16:p4,256,18617,37490,7205,3532,5667,37234,685,37234,0,0,1484.225
21,syn:n16:p4,256,18617,37490,7204,3532,5667,37234,685,37234,0,0,1662.546
22,syn:n16:p4,256,18617,37490,7203,3532,5666,37234,685,37234,0,0,1385.808
23,syn:n16:p4,256,18617,37490,7203,3533,5667,37234,685,37234,0,0,1475.663
24,syn:n16:p4,256,18617,37490,7203,3533,5667,37234,685,37234,0,0,1436.565
25,syn:n16:p4,256,18617,37490,7203,3533,5666,37234,685,37234,0,0,1445.051
1,syn:n16:p5,256,4895,10046,5706,2793,4066,9790,650,9790,0,0,164.559
2,syn:n16:p5,256,9432,19120,8754,4273,6522,18864,937,18864,0,0,368.928
3,syn:n16:p5,256,11786,23828,10036,4861,7367,23572,1078,23572,0,0,543.540
4,syn:n16:p5,256,10555,21366,9420,4586,6978,21110,988,21110,0,0,434.952
5,syn:n16:p5,256,11177,22610,9605,4676,7107,22354,1009,22354,0,0,488.295
6,syn:n16:p5,256,10869,21994,9514,4624,6977,21738,1032,21738,0,0,468.973
7,syn:n16:p5,256,11038,22332,9791,4767,7168,22076,989,22076,0,0,462.663
8,syn:n16:p5,256,10953,22162,9695,4708,7115,21906,1028,21906,0,0,487.916
9,syn:n16:p5,256,11018,22292,9881,4795,7203,22036,1020,22036,0,0,486.797
10,syn:n16:p5,256,11003,22262,9870,4794,7205,22006,1050,22006,0,0,575.141
11,syn:n16:p5,256,11012,22280,9865,4777,7184,22024,1048,22024,0,0,481.678
12,syn:n16:p5,256,11010,22276,9892,4799,7213,22020,1046,22020,0,0,565.538
13,syn:n16:p5,256,11011,22278,9879,4794,7201,22022,1050,22022,0,0,438.581
14,syn:n16:p5,256,11010,22276,9896,4800,7212,22020,1051,22020,0,0,454.236
15,syn:n16:p5,256,11010,22276,9898,4803,7217,22020,1047,22020,0,0,402.125
16,syn:n16:p5,256,11010,22276,9907,4804,7214,22020,1050,22020,0,0,486.405
17,syn:n16:p5,256,11010,22276,9904,4800,7212,22020,1051,22020,0,0,594.456
18,syn:n16:p5,256,11010,22276,9898,4803,7213,22020,1050,22020,0,0,521.974
19,syn:n16:p5,256,11010,22276,9905,4799,7217,22020,1051,22020,0,0,544.376
20,syn:n16:p5,256,11010,22276,9888,4798,7204,22020,1050,22020,0,0,627.757
21,syn:n16:p5,256,11010,22276,9896,4799,7210,22020,1050,22020,0,0,690.543
22,syn:n16:p5,256,11010,22276,9896,4799,7210,22020,1050,22020,0,0,714.243
23,syn:n16:p5,256,11010,22276,9905,4799,7217,22020,1051,22020,0,0,656.791
24,syn:n16:p5,256,11010,22276,9905,4799,7217,22020,1051,22020,0,0,733.033
25,syn:n16:p5,256,11010,22276,9908,4800,7214,22020,1050,22020,0,0,656.168
1,syn:n20:p0,400,19220,38840,18795,9071,13438,38440,2101,38440,0,0,2302.256
2,syn:n20:p0,400,33409,67218,20953,10170,15659,66818,2149,66818,0,0,6390.643
3,syn:n20:p0,400,26530,53460,21335,10311,15608,53060,2218,53060,0,0,3371.533
4,syn:n20:p0,400,29966,60332,21547,10440,15830,59932,2228,59932,0,0,4805.029
5,syn:n20:p0,400,31773,63946,21434,10407,15959,63546,2211,63546,0,0,5564.807
6,syn:n20:p0,400,30911,62222,21515,10403,15901,61822,2248,61824,0,0,4951.909
7,syn:n20:p0,400,30455,61310,21796,10543,15962,60910,2274,60910,0,0,4785.152
8,syn:n20:p0,400,30717,61834,21938,10602,16064,61434,2277,61434,0,0,4827.728
9,syn:n20:p0,400,30797,61994,21684,10512,16116,61594,2225,61594,0,0,4839.013
10,syn:n20:p0,400,30756,61912,21689,10484,15961,61512,2270,61512,0,0,4651.309
11,syn:n20:p0,400,30777,61954,21688,10522,16071,61554,2259,61554,0,0,4602.904
12,syn:n20:p0,400,30786,61972,21723,10531,16112,61572,2240,61572,0,0,4601.757
13,syn:n20:p0,400,30781,61962,21721,10536,16128,61562,2235,61562,0,0,4588.025
14,syn:n20:p0,400,30779,61958,21670,10527,16096,61558,2243,61558,0,0,4528.984
15,syn:n20:p0,400,30778,61956,21685,10519,16089,61556,2244,61556,0,0,4747.191
16,syn:n20:p0,400,30777,61954,21664,10515,16069,61554,2250,61554,0,0,5038.499
17,syn:n20:p0,400,30777,61954,21675,10518,16064,61554,2255,61554,0,0,4848.411
18,syn:n20:p0,400,30777,61954,21667,10517,16073,61554,2255,61554,0,0,4544.010
19,syn:n20:p0,400,30777,61954,21667,10517,16066,61554,2254,61554,0,0,4921.906
20,syn:n20:p0,400,30777,61954,21673,10517,16066,61554,2254,61554,0,0,4841.683
21,syn:n20:p0,400,30777,61954,21670,10518,16067,61554,2254,61554,0,0,4812.241
22,syn:n20:p0,400,30777,61954,21671,10517,16064,61554,2254,61554,0,0,4664.101
23,syn:n20:p0,400,30777,61954,21676,10518,16067,61554,2254,61554,0,0,4706.132
24,syn:n20:p0,400,30777,61954,21677,10518,16066,61554,2254,61554,0,0,4789.906
25,syn:n20:p0,400,30777,61954,21677,10517,16065,61554,2254,61554,0,0,4886.039
26,syn:n20:p0,400,30777,61954,21677,10518,16066,61554,2254,61554,0,0,4826.805
1,syn:n20:p1,400,29251,58902,15372,7481,11795,58502,1552,58502,0,0,4378.664
2,syn:n20:p1,400,43732,87864,11638,5700,9258,87464,1092,87464,0,0,12709.436
3,syn:n20:p1,400,36880,74160,14614,7146,11467,73760,1408,73760,0,0,7993.903
4,syn:n20:p1,400,33157,66714,15092,7373,11791,66314,1507,66314,0,0,6037.845
5,syn:n20:p1,400,31153,62706,15347,7494,11844,62306,1527,62306,0,0,5007.588
6,syn:n20:p1,400,30221,60842,15655,7617,12039,60442,1562,60442,0,0,4585.608
7,syn:n20:p1,400,29712,59824,15599,7601,11910,59424,1553,59424,0,0,4362.605
8,syn:n20:p1,400,29452,59304,15327,7461,11775,58904,1547,58904,0,0,4524.511
9,syn:n20:p1,400,29344,59088,15259,7437,11779,58688,1522,58688,0,0,4642.835
10,syn:n20:p1,400,29294,58988,15304,7479,11866,58588,1502,58588,0,0,4321.633
11,syn:n20:p1,400,29271,58942,15473,7549,11952,58542,1533,58542,0,0,4324.067
12,syn:n20:p1,400,29260,58920,15457,7524,11871,58520,1546,58520,0,0,4445.490
13,syn:n20:p1,400,29253,58906,15456,7527,11871,58506,1545,58506,0,0,4554.717
14,syn:n20:p1,400,29252,58904,15418,7495,11832,58504,1544,58504,0,0,4338.139
15,syn:n20:p1,400,29252,58904,15401,7488,11818,58504,1548,58504,0,0,4510.161
16,syn:n20:p1,400,29252,58904,15396,7485,11802,58504,1551,58504,0,0,4283.369
17,syn:n20:p1,400,29252,58904,15387,7483,11802,58504,1553,58504,0,0,4309.031
18,syn:n20:p1,400,29252,58904,15397,7485,11809,58504,1553,58504,0,0,4278.542
19,syn:n20:p1,400,29252,58904,15383,7483,11798,58504,1553,58504,0,0,4247.508
20,syn:n20:p1,400,29252,58904,15393,7482,11803,58504,1553,58504,0,0,4253.990
21,syn:n20:p1,400,29252,58904,15399,7483,11808,58504,1553,58504,0,0,4325.874
22,syn:n20:p1,400,29252,58904,15389,7483,11800,58504,1553,58504,0,0,4286.679
23,syn:n20:p1,400,29252,58904,15389,7482,11799,58504,1553,58504,0,0,4334.420
24,syn:n20:p1,400,29252,58904,15390,7482,11799,58504,1553,58504,0,0,4454.050
25,syn:n20:p1,400,29252,58904,15389,7482,11801,58504,1553,58504,0,0,4504.277
26,syn:n20:p1,400,29252,58904,15389,7482,11802,58504,1553,58504,0,0,4456.644
1,syn:n20:p2,400,18095,36590,19242,9326,14034,36190,2051,36190,0,0,1216.813
2,syn:n20:p2,400,33995,68390,29278,14220,22085,67990,3020,67990,0,0,5995.001
3,syn:n20:p2,400,25801,52002,25263,12222,18652,51602,2645,51602,0,0,3025.556
4,syn:n20:p2,400,29875,60150,27899,13536,20749,59750,2866,59750,0,0,4133.349
5,syn:n20:p2,400,31951,64302,28736,13945,21697,63902,2946,63902,0,0,5041.594
6,syn:n20:p2,400,30927,62254,28454,13828,21423,61854,2912,61854,0,0,4485.835
7,syn:n20:p2,400,31452,63304,28955,14000,21424,62904,2981,62904,0,0,4538.015
8,syn:n20:p2,400,31701,63802,28937,14020,21690,63402,2958,63402,0,0,4715.091
9,syn:n20:p2,400,31574,63548,28775,13952,21558,63148,2959,63148,0,0,4555.725
10,syn:n20:p2,400,31510,63420,28654,13875,21365,63020,3007,63020,0,0,4693.975
11,syn:n20:p2,400,31554,63508,28742,13922,21453,63108,2990,63108,0,0,4710.458
12,syn:n20:p2,400,31521,63442,28608,13847,21393,63042,2950,63042,0,0,4687.601
13,syn:n20:p2,400,31517,63434,28657,13862,21400,63034,2981,63034,0,0,4648.141
14,syn:n20:p2,400,31518,63436,28647,13869,21412,63036,2963,63036,0,0,4688.024
15,syn:n20:p2,400,31519,63438,28638,13868,21401,63038,2957,63038,0,0,4796.584
16,syn:n20:p2,400,31521,63442,28653,13872,21415,63042,2954,63042,0,0,4577.652
17,syn:n20:p2,400,31521,63442,28641,13864,21412,63042,2955,63042,0,0,4664.503
18,syn:n20:p2,400,31521,63442,28633,13853,21407,63042,2952,63042,0,0,4583.286
19,syn:n20:p2,400,31521,63442,28637,13865,21411,63042,2954,63042,0,0,4675.796
20,syn:n20:p2,400,31521,63442,28634,13864,21409,63042,2955,63042,0,0,4552.146
21,syn:n20:p2,400,31521,63442,28650,13865,21419,63042,2955,63042,0,0,4705.087
22,syn:n20:p2,400,31521,63442,28647,13865,21416,63042,2956,63042,0,0,4614.523
23,syn:n20:p2,400,31521,63442,28645,13866,21415,63042,2954,63042,0,0,4782.321
24,syn:n20:p2,400,31521,63442,28647,13865,21417,63042,2956,63042,0,0,4676.817
25,syn:n20:p2,400,31521,63442,28647,13865,21417,63042,2956,63042,0,0,4684.732
26,syn:n20:p2,400,31521,63442,28647,13865,21417,63042,2956,63042,0,0,5184.643
1,syn:n20:p3,400,19439,39278,14028,6825,10530,38878,1493,38878,0,0,1717.260
2,syn:n20:p3,400,34202,68804,21044,10211,15728,68404,2213,68404,0,0,5950.513
3,syn:n20:p3,400,26619,53638,17077,8346,13070,53238,1738,53238,0,0,3365.909
4,syn:n20:p3,400,22978,46356,15561,7621,11723,45956,1638,45956,0,0,2326.015
5,syn:n20:p3,400,24820,50040,16823,8221,12744,49640,1735,49640,0,0,2755.254
6,syn:n20:p3,400,23877,48154,16018,7842,12095,47754,1683,47754,0,0,2532.959
7,syn:n20:p3,400,24278,48956,15841,7750,12082,48556,1660,48556,0,0,2634.029
8,syn:n20:p3,400,24114,48628,16216,7905,12196,48228,1700,48228,0,0,2619.160
9,syn:n20:p3,400,24187,48774,16007,7836,12172,48374,1675,48374,0,0,2708.721
10,syn:n20:p3,400,24239,48878,15959,7803,12127,48478,1662,48478,0,0,2644.031
11,syn:n20:p3,400,24259,48918,15910,7770,12061,48518,1663,48518,0,0,2746.698
12,syn:n20:p3,400,24250,48900,15913,7788,12094,48500,1641,48500,0,0,2729.719
13,syn:n20:p3,400,24253,48906,15897,7782,12069,48506,1646,48506,0,0,2711.865
14,syn:n20:p3,400,24253,48906,15859,7769,12059,48506,1641,48506,0,0,2710.886
15,syn:n20:p3,400,24253,48906,15872,7764,12065,48506,1644,48506,0,0,2809.109
16,syn:n20:p3,400,24253,48906,15876,7770,12065,48506,1644,48506,0,0,2826.507
17,syn:n20:p3,400,24253,48906,15862,7768,12063,48506,1642,48506,0,0,2733.164
18,syn:n20:p3,400,24253,48906,15884,7770,12073,48506,1642,48506,0,0,2705.960
19,syn:n20:p3,400,24253,48906,15870,7766,12066,48506,1642,48506,0,0,2702.986
20,syn:n20:p3,400,24253,48906,15876,7766,12071,48506,1642,48506,0,0,2665.704
21,syn:n20:p3,400,24253,48906,15865,7765,12063,48506,1644,48506,0,0,2646.002
22,syn:n20:p3,400,24253,48906,15872,7765,12065,48506,1644,48506,0,0,2592.959
23,syn:n20:p3,400,24253,48906,15874,7766,12069,48506,1642,48508,0,0,2647.830
24,syn:n20:p3,400,24253,48906,15871,7766,12066,48506,1642,48506,0,0,2746.164
25,syn:n20:p3,400,24253,48906,15871,7766,12064,48506,1644,48506,0,0,2644.151
26,syn:n20:p3,400,24253,48906,15872,7765,12065,48506,1644,48506,0,0,2701.465
1,syn:n20:p4,400,20062,40524,23369,11288,16608,40124,2528,40124,0,0,1573.713
2,syn:n20:p4,400,38206,76812,35093,16927,25932,76412,3686,76412,0,0,7264.231
3,syn:n20:p4,400,29074,58548,31182,15028,22332,58148,3302,58148,0,0,3739.223
4,syn:n20:p4,400,24342,49084,26207,12659,19021,48684,2784,48684,0,0,2433.153
5,syn:n20:p4,400,26584,53568,28178,13557,20327,53168,2989,53168,0,0,2983.290
6,syn:n20:p4,400,27800,56000,29111,14081,21208,55600,3105,55600,0,0,3264.297
7,syn:n20:p4,400,28420,57240,30242,14533,21601,56840,3273,56840,0,0,3508.071
8,syn:n20:p4,400,28083,56566,29534,14299,21439,56166,3129,56166,0,0,3505.659
9,syn:n20:p4,400,28238,56876,29810,14402,21503,56476,3157,56476,0,0,3377.793
10,syn:n20:p4,400,28326,57052,30002,14469,21543,56652,3209,56652,0,0,3445.830
11,syn:n20:p4,400,28387,57174,30101,14495,21558,56774,3242,56774,0,0,3427.287
12,syn:n20:p4,400,28408,57216,30168,14521,21565,56816,3248,56816,0,0,3527.077
13,syn:n20:p4,400,28400,57200,30110,14507,21558,56800,3230,56800,0,0,3463.077
14,syn:n20:p4,400,28403,57206,30095,14486,21530,56806,3239,56806,0,0,3584.540
15,syn:n20:p4,400,28406,57212,30135,14502,21553,56812,3241,56812,0,0,3401.938
16,syn:n20:p4,400,28404,57208,30110,14494,21534,56808,3239,56808,0,0,3540.954
17,syn:n20:p4,400,28403,57206,30121,14491,21548,56806,3241,56806,0,0,3540.874
18,syn:n20:p4,400,28403,57206,30101,14488,21534,56806,3238,56806,0,0,3553.348
19,syn:n20:p4,400,28403,57206,30096,14487,21534,56806,3240,56806,0,0,3567.399
20,syn:n20:p4,400,28403,57206,30107,14489,21538,56806,3240,56806,0,0,3430.746
21,syn:n20:p4,400,28403,57206,30113,14490,21541,56806,3240,56806,0,0,3477.505
22,syn:n20:p4,400,28403,57206,30120,14490,21547,56806,3240,56806,0,0,3649.663
23,syn:n20:p4,400,28403,57206,30122,14491,21547,56806,3241,56806,0,0,3690.653
24,syn:n20:p4,400,28403,57206,30119,14490,21547,56806,3240,56806,0,0,3658.739
25,syn:n20:p4,400,28403,57206,30119,14490,21547,56806,3240,56806,0,0,3583.861
26,syn:n20:p4,400,28403,57206,30119,14490,21547,56806,3240,56806,0,0,3429.675
1,syn:n20:p5,400,12744,25888,11936,5863,9014,25488,1260,25488,0,0,634.523
2,syn:n20:p5,400,24177,48754,20306,9856,15105,48354,2183,48354,0,0,2702.084
3,syn:n20:p5,400,18155,36710,15882,7721,11795,36310,1677,36310,0,0,1350.094
4,syn:n20:p5,400,15395,31190,14167,6907,10421,30790,1540,30790,0,0,1047.274
5,syn:n20:p5,400,16782,33964,14895,7236,10943,33564,1604,33564,0,0,1160.304
6,syn:n20:p5,400,17430,35260,15258,7440,11296,34860,1636,34860,0,0,1247.224
7,syn:n20:p5,400,17769,35938,15230,7402,11313,35538,1614,35538,0,0,1361.034
8,syn:n20:p5,400,17969,36338,15480,7518,11524,35938,1644,35938,0,0,1398.785
9,syn:n20:p5,400,17879,36158,15412,7494,11451,35758,1627,35758,0,0,1270.369
10,syn:n20:p5,400,17924,36248,15360,7465,11465,35848,1634,35848,0,0,1360.158
11,syn:n20:p5,400,17945,36290,15461,7515,11516,35890,1643,35890,0,0,1320.398
12,syn:n20:p5,400,17937,36274,15454,7505,11518,35874,1644,35874,0,0,1364.602
13,syn:n20:p5,400,17932,36264,15425,7500,11503,35864,1642,35864,0,0,1374.782
14,syn:n20:p5,400,17930,36260,15406,7480,11483,35860,1640,35860,0,0,1366.055
15,syn:n20:p5,400,17927,36254,15370,7466,11461,35854,1636,35854,0,0,1385.007
16,syn:n20:p5,400,17928,36256,15388,7471,11465,35856,1638,35856,0,0,1449.161
17,syn:n20:p5,400,17929,36258,15408,7478,11482,35858,1639,35858,0,0,1384.534
18,syn:n20:p5,400,17929,36258,15392,7473,11471,35858,1639,35858,0,0,1362.936
19,syn:n20:p5,400,17929,36258,15405,7476,11475,35858,1639,35858,0,0,1357.047
20,syn:n20:p5,400,17929,36258,15400,7474,11473,35858,1639,35858,0,0,1331.569
21,syn:n20:p5,400,17929,36258,15401,7474,11473,35858,1639,35858,0,0,1338.242
22,syn:n20:p5,400,17929,36258,15405,7476,11477,35858,1639,35858,0,0,1294.518
23,syn:n20:p5,400,17929,36258,15408,7476,11479,35858,1639,35858,0,0,1344.196
24,syn:n20:p5,400,17929,36258,15408,7476,11477,35858,1639,35858,0,0,1334.740
25,syn:n20:p5,400,17929,36258,15404,7475,11474,35858,1639,35858,0,0,1328.347
