n,p,arm,ans,status,wall_ms,arr_ms,fre_ms,builds,queries,regions,overflow,max_comp
6,0,D1,1.06468,OK,11.67,3.8488,0.4899,25,1804,0,0,0
6,0,C4S,1.06774,OK,11.30,3.7215,0.2678,25,1193,0,0,0
6,0,C4N,1.06468,OK,11.72,4.0517,0.4212,25,1804,0,25,36
6,0,C4,1.06774,OK,10.91,3.6710,0.2704,25,1193,0,25,36
6,1,D1,0.83305,OK,10.50,3.4214,0.5348,25,3077,0,0,0
6,1,C4S,0.83377,OK,10.17,2.9676,0.3982,25,2504,0,0,0
6,1,C4N,0.83305,OK,10.66,3.4244,0.6112,25,3077,0,25,36
6,1,C4,0.83377,OK,10.03,3.3649,0.4168,25,2504,0,25,36
8,0,D1,0.698395,OK,13.21,6.0792,0.7897,25,4754,0,0,0
8,0,C4S,0.707229,OK,13.57,6.1174,0.8722,25,6688,0,0,0
8,0,C4N,0.698395,OK,13.52,5.9833,0.7891,26,4749,16,25,64
8,0,C4,0.707229,OK,14.39,6.6146,0.8596,26,6676,16,25,64
8,1,D1,0.926547,OK,20.48,12.0360,1.2862,25,7625,0,0,0
8,1,C4S,0.929644,OK,20.00,12.3340,1.1097,25,7614,0,0,0
8,1,C4N,0.926547,OK,22.28,13.7020,1.3348,25,7625,0,25,64
8,1,C4,0.929644,OK,21.83,13.5180,1.2319,25,7614,0,25,64
10,0,D1,1.14684,OK,63.69,52.3290,4.1362,25,14332,0,0,0
10,0,C4S,1.14953,OK,62.08,53.0540,2.3590,25,7765,0,0,0
10,0,C4N,1.14684,OK,64.07,52.6420,4.2387,25,14332,0,25,100
10,0,C4,1.14953,OK,63.57,54.1710,2.3495,25,7765,0,25,100
10,1,D1,1.16519,OK,77.49,69.5510,0.6299,26,1901,0,0,0
10,1,C4S,1.16523,OK,80.95,70.4510,2.7093,26,15716,0,0,0
10,1,C4N,1.16519,OK,78.77,71.1240,0.6270,26,1901,0,26,100
10,1,C4,1.16523,OK,81.24,70.1320,2.8848,26,15716,0,26,100
12,0,D1,1.16267,OK,174.08,165.0200,2.0990,26,27302,0,0,0
12,0,C4S,1.16267,OK,173.64,164.6400,1.7160,26,23420,0,0,0
12,0,C4N,1.16267,OK,174.18,164.6700,2.0368,26,27302,0,26,144
12,0,C4,1.16267,OK,176.08,166.9300,1.8282,26,23420,0,26,144
12,1,D1,0.980621,OK,92.33,82.2570,3.0581,25,22802,0,0,0
12,1,C4S,0.982959,OK,89.78,79.2080,2.8015,25,24048,0,0,0
12,1,C4N,0.980621,OK,90.32,79.8180,3.1500,25,22802,0,25,144
12,1,C4,0.982959,OK,90.01,80.2380,2.8212,25,24048,0,25,144
14,0,D1,1.15183,OK,387.51,369.7600,6.9706,26,54027,0,0,0
14,0,C4S,1.15226,OK,387.97,368.0500,6.3808,26,44889,0,0,0
14,0,C4N,1.15183,OK,385.63,370.9600,6.8655,26,54027,0,26,196
14,0,C4,1.15226,OK,384.49,371.9600,5.2126,26,44889,0,26,196
14,1,D1,1.53453,OK,586.72,566.8900,11.3830,26,46275,0,0,0
14,1,C4S,1.53485,OK,582.65,557.0200,9.1668,26,38567,0,0,0
14,1,C4N,1.53453,OK,591.18,564.1900,11.2460,26,46275,0,26,196
14,1,C4,1.53485,OK,579.77,557.9700,9.6725,26,38567,0,26,196
16,0,D1,1.49265,OK,1522.08,1473.1000,35.1750,25,116562,0,0,0
16,0,C4S,1.49266,OK,1547.89,1501.8000,33.8530,25,109744,0,0,0
16,0,C4N,1.49265,OK,1536.46,1493.7000,34.6930,25,116562,0,25,256
16,0,C4,1.49266,OK,1548.76,1503.7000,33.5690,25,109744,0,25,256
16,1,D1,1.59675,OK,1348.32,1332.5000,1.5925,26,11079,0,0,0
16,1,C4S,1.59684,OK,1380.37,1361.3000,6.6311,26,58637,0,0,0
16,1,C4N,1.59675,OK,1348.39,1334.6000,1.5498,26,11079,0,26,256
16,1,C4,1.59684,OK,1351.79,1333.2000,6.7026,26,58637,0,26,256
18,0,D1,1.02794,OK,1128.41,1108.0000,7.8106,25,70254,0,0,0
18,0,C4S,1.02794,OK,1146.62,1127.0000,7.3402,25,70360,0,0,0
18,0,C4N,1.02794,OK,1148.58,1120.2000,7.6520,25,70254,0,25,324
18,0,C4,1.02794,OK,1165.38,1146.3000,7.4625,25,70360,0,25,324
18,1,D1,1.18326,OK,1763.38,1741.2000,8.7796,26,57007,0,0,0
18,1,C4S,1.18327,OK,1818.72,1797.5000,9.2302,26,57375,0,0,0
18,1,C4N,1.18326,OK,1846.83,1819.3000,9.4156,26,57007,0,26,324
18,1,C4,1.18327,OK,1825.80,1786.5000,9.2138,26,57375,0,26,324
20,0,D1,2.19493,OK,18022.40,17946.0000,58.7660,27,202980,0,0,0
20,0,C4S,2.20014,OK,18527.85,18461.0000,54.2740,27,189586,0,0,0
20,0,C4N,2.19493,OK,18160.06,18086.0000,59.2650,27,202980,0,27,400
20,0,C4,2.20014,OK,18611.87,18534.0000,54.7670,27,189586,0,27,400
20,1,D1,1.85532,OK,11186.24,11102.0000,32.5610,27,163099,0,0,0
20,1,C4S,1.85618,OK,11450.16,11415.0000,18.7200,27,82929,0,0,0
20,1,C4N,1.85532,OK,11374.46,11322.0000,31.8210,27,163099,0,27,400
20,1,C4,1.85618,OK,11328.04,11290.0000,18.7090,27,82929,0,27,400
24,0,D1,1.10357,OK,8014.11,7971.5000,23.8560,25,165402,0,0,0
24,0,C4S,1.10656,OK,8385.54,8359.1000,8.9356,25,64648,0,0,0
24,0,C4N,1.10357,OK,8408.06,8370.4000,24.8510,25,165402,0,25,576
24,0,C4,1.10656,OK,8458.51,8435.5000,8.5950,25,64648,0,25,576
24,1,D1,1.26013,OK,11295.71,11239.0000,30.5400,26,240984,0,0,0
24,1,C4S,1.262,OK,11761.50,11716.0000,31.4920,26,272980,0,0,0
24,1,C4N,1.26013,OK,11652.09,11609.0000,30.5150,26,240984,0,26,576
24,1,C4,1.262,OK,11568.63,11517.0000,31.6900,26,272980,0,26,576
28,0,D1,1.09732,OK,25295.46,25261.0000,23.0830,26,235968,0,0,0
28,0,C4S,1.09764,OK,26075.99,26040.0000,19.2890,26,200355,0,0,0
28,0,C4N,1.09732,OK,26204.20,26166.0000,23.1630,26,235968,0,26,784
28,0,C4,1.09764,OK,26005.93,25969.0000,19.6160,26,200355,0,26,784
28,1,D1,NA,TIMEOUT,60000,NA,NA,NA,NA,NA,NA,NA
28,1,C4S,NA,TIMEOUT,60000,NA,NA,NA,NA,NA,NA,NA
28,1,C4N,NA,TIMEOUT,60000,NA,NA,NA,NA,NA,NA,NA
28,1,C4,NA,TIMEOUT,60000,NA,NA,NA,NA,NA,NA,NA
32,0,D1,NA,TIMEOUT,60000,NA,NA,NA,NA,NA,NA,NA
32,0,C4S,NA,TIMEOUT,60000,NA,NA,NA,NA,NA,NA,NA
32,0,C4N,NA,TIMEOUT,60000,NA,NA,NA,NA,NA,NA,NA
32,0,C4,NA,TIMEOUT,60000,NA,NA,NA,NA,NA,NA,NA
32,1,D1,NA,TIMEOUT,60000,NA,NA,NA,NA,NA,NA,NA
32,1,C4S,NA,TIMEOUT,60000,NA,NA,NA,NA,NA,NA,NA
32,1,C4N,NA,TIMEOUT,60000,NA,NA,NA,NA,NA,NA,NA
32,1,C4,NA,TIMEOUT,60000,NA,NA,NA,NA,NA,NA,NA
