pair,arm,ans,status,wall_ms,arr_ms,fre_ms,bbcalls,regions
13962_4238,A0,0.027728289171009411207,OK,1011.51,244.4300,34.3710,67888,0
13962_4238,C5L,0.027728289171009411207,OK,1007.24,286.3700,34.5930,67888,0
13962_4238,C5N,0.027728289171009411207,OK,605.75,8.5647,4.3022,16242,2606
13962_4238,C5,0.027728282572582453602,OK,206.45,0.1153,0.0644,1454,65
13388_15738,A0,0.010457066077090050593,OK,105.51,0.0000,0.0000,72,0
13388_15738,C5L,0.010457066077090050593,OK,105.99,0.0000,0.0000,72,0
13388_15738,C5N,0.010457066077090050593,OK,105.44,0.0000,0.0000,72,0
13388_15738,C5,0.010457066077090050593,OK,105.20,0.0000,0.0000,72,0
3110_11704,A0,0.080393627106728843268,OK,407.26,90.0060,31.9170,25103,0
3110_11704,C5L,0.080393627106728843268,OK,507.31,96.9930,34.7010,25103,0
3110_11704,C5N,0.080393631898562717408,OK,606.59,5.4889,6.8381,9112,1025
3110_11704,C5,0.080393622314894969128,OK,106.98,0.1843,0.2169,2133,62
12501_7252,A0,0.020605423314468115925,OK,105.37,9.7787,0.2060,3512,0
12501_7252,C5L,0.020605423314468115925,OK,105.08,9.0716,0.1369,3512,0
12501_7252,C5N,0.020605428227185033224,OK,106.33,2.1106,0.2030,772,35
12501_7252,C5,0.020605418401751195157,OK,105.02,0.6177,0.0285,713,51
10725_2829,A0,0.054040554031886969821,OK,406.15,80.5100,35.8990,21521,0
10725_2829,C5L,0.054040554031886969821,OK,407.64,76.1470,34.7430,21521,0
10725_2829,C5N,0.054040554031886969821,OK,405.75,5.3322,9.5527,8302,1042
10725_2829,C5,0.054040550810818557825,OK,105.24,0.2840,0.1870,963,89
12001_15004,A0,0.046717400287055475816,OK,106.04,16.3300,4.9700,5640,0
12001_15004,C5L,0.046717400287055475816,OK,104.72,16.9440,5.0647,5640,0
12001_15004,C5N,0.046717405673839043634,OK,105.18,0.4007,0.6823,3247,123
12001_15004,C5,0.046717394900271914937,OK,105.97,0.3076,0.3634,3232,124
15818_12700,A0,0.062990349420297075955,OK,206.40,31.4590,9.2943,7781,0
15818_12700,C5L,0.062990349420297075955,OK,205.79,27.8620,8.1051,7781,0
15818_12700,C5N,0.062990356929332774749,OK,605.87,10.8850,14.7170,14812,2429
15818_12700,C5,0.062990345665779226558,OK,105.99,0.2326,0.3122,914,130
5987_9300,A0,0.11759929077871550396,OK,1207.66,105.5100,169.5100,53852,0
5987_9300,C5L,0.11759929077871550396,OK,1207.81,107.9000,177.3600,53852,0
5987_9300,C5N,0.11759929077871550396,OK,908.21,4.3268,9.7453,28412,819
5987_9300,C5,0.11759928388840189262,OK,907.29,4.5276,11.8680,28402,820
14551_3143,A0,0.062748100339338599984,OK,605.64,59.6230,104.8900,16820,0
14551_3143,C5L,0.062748100339338599984,OK,606.05,62.7020,101.7200,16820,0
14551_3143,C5N,0.062748100339338599984,OK,505.84,5.2637,15.0220,6001,719
14551_3143,C5,0.06274809285918168944,OK,305.45,0.8314,1.3360,1506,67
11350_14909,A0,0.087868032152151068215,OK,105.59,13.0960,3.4509,5005,0
11350_14909,C5L,0.087868032152151068215,OK,105.00,16.3870,4.4733,5005,0
11350_14909,C5N,0.087868034753686402594,OK,104.97,0.4796,0.3448,2251,98
11350_14909,C5,0.087868026949080385579,OK,105.07,0.5381,0.3712,2249,97
10167_4547,A0,0.053802264336549616985,OK,605.66,43.7020,84.9660,11738,0
10167_4547,C5L,0.053802264336549616985,OK,605.46,42.0360,78.3240,11738,0
10167_4547,C5N,0.053802267541650225513,OK,505.41,2.7025,6.8469,5361,214
10167_4547,C5,0.053802257926348392991,OK,505.10,2.0095,6.0757,5315,200
5431_2218,A0,0.01847810701455327928,OK,1205.97,252.7900,178.2000,77085,0
5431_2218,C5L,0.01847810701455327928,OK,1208.03,246.1000,175.5700,77085,0
5431_2218,C5N,0.018478111154297170715,OK,806.28,9.8075,21.5400,32811,2358
5431_2218,C5,0.018478102874809387846,OK,806.17,8.2078,18.8390,32150,2107
15961_1595,A0,0.079660955770478963922,OK,104.69,10.9080,0.9107,3268,0
15961_1595,C5L,0.079660955770478963922,OK,105.15,12.6420,1.1600,3268,0
15961_1595,C5N,0.079660955770478963922,OK,105.03,0.4156,0.3637,1509,91
15961_1595,C5,0.07966094629640498026,OK,106.00,0.3699,0.3143,1509,91
12057_14381,A0,0.047631380854940744141,OK,105.19,23.8440,7.2899,6949,0
12057_14381,C5L,0.047631380854940744141,OK,105.59,23.6600,6.7514,6949,0
12057_14381,C5N,0.047631386407785539228,OK,104.95,0.9819,0.6946,3685,178
12057_14381,C5,0.047631375302095949054,OK,105.13,0.6655,0.5110,3677,174
2599_8892,A0,0.055378501030101057179,OK,205.76,35.4550,0.4247,4432,0
2599_8892,C5L,0.055378501030101057179,OK,205.18,37.8390,0.4384,4432,0
2599_8892,C5N,0.055378501030101057179,OK,205.33,0.6715,0.0615,866,183
2599_8892,C5,0.055378491127653417525,OK,205.64,0.7702,0.0644,895,198
6700_7883,A0,0.17366249150237195176,OK,807.78,244.3000,145.3200,67580,0
6700_7883,C5L,0.17366249150237195176,OK,806.25,266.1000,153.1600,67580,0
6700_7883,C5N,0.17366249409014236638,OK,305.24,8.6164,13.1510,14337,2024
6700_7883,C5,0.17366248632683106701,OK,406.66,8.1015,14.4640,14122,1956
9054_15829,A0,0.02388999029156020637,OK,1406.99,207.7000,233.0400,66885,0
9054_15829,C5L,0.02388999029156020637,OK,1312.31,190.9000,222.6500,66885,0
9054_15829,C5N,0.023889995985498228837,OK,906.95,8.0580,17.0320,24042,1477
9054_15829,C5,0.023889987444591191668,OK,1006.40,7.7134,16.0090,23668,1421
9322_2012,A0,0.037227410885901160431,OK,107.45,13.6520,0.6350,3581,0
9322_2012,C5L,0.037227410885901160431,OK,106.39,11.7640,0.7044,3581,0
9322_2012,C5N,0.037227410885901160431,OK,105.77,0.2267,0.1126,1990,71
9322_2012,C5,0.037227402137213608246,OK,105.61,0.2251,0.1187,1988,67
13859_12886,A0,0.034479560048055586663,OK,1907.85,222.1900,191.8700,89236,0
13859_12886,C5L,0.034479560048055586663,OK,1909.08,234.3600,196.9200,89236,0
13859_12886,C5N,0.034479564135528148472,OK,1407.62,7.5448,22.9870,42898,2464
13859_12886,C5,0.034479560048055586663,OK,1408.54,7.7828,18.9710,42007,2177
4684_9017,A0,0.0031055691630524654909,OK,105.19,11.3290,4.2690,2267,0
4684_9017,C5L,0.0031055691630524654909,OK,105.73,10.1790,4.6353,2267,0
4684_9017,C5N,0.0031055748842239447663,OK,106.44,0.1558,0.4918,1067,48
4684_9017,C5,0.0031055634418809862154,OK,106.62,0.2099,0.6610,1060,45
3394_14356,A0,0.035215794234174938038,OK,605.73,160.1800,34.1650,40352,0
3394_14356,C5L,0.035215794234174938038,OK,706.11,176.5500,51.9620,40352,0
3394_14356,C5N,0.035215798391998689998,OK,410.20,4.6851,3.8124,8645,1251
3394_14356,C5,0.035215790076351186078,OK,107.54,0.3381,0.4687,1055,63
8403_14307,A0,0.033993439484465051703,OK,505.92,129.9600,21.7250,32691,0
8403_14307,C5L,0.033993439484465051703,OK,408.43,129.0500,23.1690,32691,0
8403_14307,C5N,0.033993447589134521969,OK,307.18,3.5301,2.4441,6453,1047
8403_14307,C5,0.033993435432130313101,OK,107.39,0.2737,0.1490,741,90
11389_701,A0,0.086945865320273568733,OK,2410.36,339.2200,199.3400,124273,0
11389_701,C5L,0.086945865320273568733,OK,2511.98,344.1400,224.4700,124273,0
11389_701,C5N,0.086945870220963519803,OK,1810.76,13.8930,16.2460,41383,2190
11389_701,C5,0.086945862795941630807,OK,1807.57,13.8910,15.0460,41095,2187
3256_1456,A0,0.000803989903147301916,OK,105.14,7.5812,3.1037,2627,0
3256_1456,C5L,0.000803989903147301916,OK,105.86,6.4153,2.7215,2627,0
3256_1456,C5N,0.00080399449876713624877,OK,107.28,0.2354,0.5823,1170,96
3256_1456,C5,0.00080398530752746769166,OK,106.61,0.2159,0.5954,1148,78
12105_2078,A0,0.036263644103223732773,OK,105.31,13.1340,0.2310,4168,0
12105_2078,C5L,0.036263644103223732773,OK,105.07,12.2490,0.3217,4168,0
12105_2078,C5N,0.036263648426187497509,OK,105.28,0.8030,0.2249,1068,83
12105_2078,C5,0.036263635457296203302,OK,107.52,0.7373,0.1656,961,68
15100_5991,A0,0.05678104794673984046,OK,105.16,11.6400,0.3418,3160,0
15100_5991,C5L,0.05678104794673984046,OK,104.73,14.8520,0.3883,3160,0
15100_5991,C5N,0.056781051331154235029,OK,106.43,0.1287,0.1574,1040,55
15100_5991,C5,0.05678104117791105826,OK,104.84,0.1192,0.0678,1030,71
2662_741,A0,0.006521689361212526688,OK,104.97,10.0250,1.8198,3188,0
2662_741,C5L,0.006521689361212526688,OK,104.86,12.0530,2.0064,3188,0
2662_741,C5N,0.0065216924358466061423,OK,105.97,0.2210,0.0978,1580,70
2662_741,C5,0.0065216832119443677793,OK,105.41,0.2034,0.0982,1583,69
14635_6870,A0,0.010307426923868143187,OK,105.47,10.6070,0.9842,2991,0
14635_6870,C5L,0.010307426923868143187,OK,105.17,9.1050,0.8920,2991,0
14635_6870,C5N,0.010307426923868143187,OK,107.12,0.4469,0.1824,1507,62
14635_6870,C5,0.010307417474470177698,OK,105.64,0.3925,0.1270,1499,59
4941_3915,A0,0.004673571682793821111,OK,205.24,90.6970,18.4970,23710,0
4941_3915,C5L,0.004673571682793821111,OK,204.92,90.5630,18.4450,23710,0
4941_3915,C5N,0.004673580596941383572,OK,105.00,2.4229,1.9304,4366,691
4941_3915,C5,0.004673571682793821111,OK,104.64,2.3181,1.7494,4363,726
8901_10528,A0,0.066129009548159020659,OK,2309.67,264.5000,699.4100,81292,0
8901_10528,C5L,0.066129009548159020659,OK,2308.21,276.5700,706.4500,81292,0
8901_10528,C5N,0.066129013482903620247,OK,1308.79,9.3953,51.6250,28027,1991
8901_10528,C5,0.066129001678669835362,OK,1307.45,9.1269,48.7910,27810,1959
16847_475,A0,0.029537035123901544953,OK,106.58,1.7614,0.0143,609,0
16847_475,C5L,0.029537035123901544953,OK,105.01,1.5685,0.0109,609,0
16847_475,C5N,0.029537035123901544953,OK,105.98,0.0660,0.0010,360,13
16847_475,C5,0.029537026666778126716,OK,105.52,0.0623,0.0217,320,67
3235_6444,A0,0.015681996805762928732,OK,105.00,7.7205,0.1109,2761,0
3235_6444,C5L,0.015681996805762928732,OK,106.57,11.2980,0.1487,2761,0
3235_6444,C5N,0.01568200428352528597,OK,105.82,0.7161,0.1653,486,76
3235_6444,C5,0.015681993066881748378,OK,106.28,0.2717,0.0227,429,80
4769_84,A0,0.09312668646895606861,OK,2510.58,408.0300,544.7900,167591,0
4769_84,C5L,0.09312668646895606861,OK,2509.06,420.5000,529.0000,167591,0
4769_84,C5N,0.093126691947904502444,OK,1507.21,18.6970,36.6450,60688,4010
4769_84,C5,0.09312668646895606861,OK,1407.55,16.7900,32.4630,59656,3574
9279_10248,A0,0.026037554033195471626,OK,306.16,56.4520,3.8607,14032,0
9279_10248,C5L,0.026037554033195471626,OK,305.44,49.1420,3.6715,14032,0
9279_10248,C5N,0.026037557131975388319,OK,606.64,8.3465,1.0351,13729,1607
9279_10248,C5,0.026037547835635638238,OK,106.25,0.6646,0.0422,2214,59
1406_6571,A0,0.022202730585689695042,OK,405.78,97.0320,44.5960,21328,0
1406_6571,C5L,0.022202730585689695042,OK,405.23,97.6960,44.5830,21328,0
1406_6571,C5N,0.022202735879234433009,OK,405.26,3.0261,6.6879,7699,1008
1406_6571,C5,0.022202725292144953606,OK,104.77,0.2210,0.4979,2765,69
13736_11294,A0,0.070097255414780262894,OK,1711.07,336.2100,311.9700,126346,0
13736_11294,C5L,0.070097255414780262894,OK,1708.23,349.0900,314.4900,126346,0
13736_11294,C5N,0.070097259591713215188,OK,1009.33,11.2550,6.3211,45090,1471
13736_11294,C5,0.070097251237847310601,OK,1106.46,12.2760,14.2080,44204,1399
10939_11649,A0,0.096741691334991761209,OK,1907.82,441.1300,240.0600,152401,0
10939_11649,C5L,0.096741691334991761209,OK,1911.57,435.4800,237.8400,152401,0
10939_11649,C5N,0.096741697101246248991,OK,1106.91,14.1280,15.0530,47782,2404
10939_11649,C5,0.096741685568737273426,OK,1107.44,13.5970,13.7730,46967,2359
507_5832,A0,0.069266551655682073729,OK,109.92,0.0000,0.0000,77,0
507_5832,C5L,0.069266551655682073729,OK,105.12,0.0000,0.0000,77,0
507_5832,C5N,0.069266551655682073729,OK,105.09,0.0000,0.0000,77,0
507_5832,C5,0.069266551655682073729,OK,106.45,0.0000,0.0000,77,0
15301_1221,A0,0.0064270674035576107891,OK,811.86,146.0400,130.9700,48947,0
15301_1221,C5L,0.0064270674035576107891,OK,808.39,140.4300,131.6900,48947,0
15301_1221,C5N,0.0064270715859892418517,OK,506.23,4.4913,12.6740,22013,1136
15301_1221,C5,0.0064270674035576107891,OK,507.31,4.1826,12.6080,21625,990
1100_13092,A0,0.019302008191502368489,OK,105.07,9.1941,0.1265,3169,0
1100_13092,C5L,0.019302008191502368489,OK,105.91,8.4017,0.2011,3169,0
1100_13092,C5N,0.019302010773559422768,OK,105.09,0.0749,0.0006,423,4
1100_13092,C5,0.019302003589543904882,OK,107.59,0.2715,0.0178,431,46
600_16573,A0,0.022174195555769344451,OK,104.74,1.8527,0.0143,763,0
600_16573,C5L,0.022174195555769344451,OK,104.48,1.8615,0.0165,763,0
600_16573,C5N,0.022174195555769344451,OK,104.91,0.0955,0.0012,369,6
600_16573,C5,0.022174186254054872869,OK,104.83,0.1879,0.0127,381,52
1039_6137,A0,0.047244226486384960362,OK,1107.21,169.1400,133.4200,50080,0
1039_6137,C5L,0.047244226486384960362,OK,1009.29,153.1100,121.4800,50080,0
1039_6137,C5N,0.047244232118336310089,OK,1006.86,9.1969,0.4054,17064,941
1039_6137,C5,0.047244220854433617574,OK,307.75,0.3559,0.1048,2379,48
391_7752,A0,0.057011869478572438363,OK,306.58,25.9900,15.9010,11098,0
391_7752,C5L,0.057011869478572438363,OK,308.07,27.3930,17.9270,11098,0
391_7752,C5N,0.057011874637016297929,OK,306.05,1.2864,0.9852,4890,161
391_7752,C5,0.05701186689935051205,OK,305.78,1.3976,0.9598,4884,159
9230_3285,A0,0.012474720433145793444,OK,707.16,161.6500,115.7900,39445,0
9230_3285,C5L,0.012474720433145793444,OK,806.68,174.0800,122.0900,39445,0
9230_3285,C5N,0.012474726381375927584,OK,405.67,6.1841,13.6650,9966,1012
9230_3285,C5,0.012474717459030726374,OK,405.47,5.6444,11.7830,9786,985
3343_6420,A0,0.0055558289022877935942,OK,205.99,0.0000,0.0000,2523,0
3343_6420,C5L,0.0055558289022877935942,OK,205.35,0.0000,0.0000,2523,0
3343_6420,C5N,0.0055558289022877935942,OK,207.40,0.0000,0.0000,2523,0
3343_6420,C5,0.0055558289022877935942,OK,205.79,0.0000,0.0000,2523,0
3270_16464,A0,0.015254167922597863458,OK,706.11,161.0800,70.9860,64485,0
3270_16464,C5L,0.015254167922597863458,OK,708.37,171.1300,73.3690,64485,0
3270_16464,C5N,0.015254175118599925046,OK,406.77,6.0818,5.4584,27042,1436
3270_16464,C5,0.015254164324596832664,OK,406.43,5.7647,5.1553,26389,1287
13966_16217,A0,0.075272415542938758692,OK,706.54,134.9100,67.7750,31186,0
13966_16217,C5L,0.075272415542938758692,OK,608.52,107.3000,49.2390,31186,0
13966_16217,C5N,0.075272420029524611529,OK,405.63,3.6727,1.9766,7244,487
13966_16217,C5,0.07527240656976705302,OK,107.03,0.3403,0.3871,2179,52
7729_2141,A0,0.016208313160674600595,OK,206.42,30.5380,0.3612,4382,0
7729_2141,C5L,0.016208313160674600595,OK,207.90,30.1330,0.3319,4382,0
7729_2141,C5N,0.016208317025039435666,OK,106.49,0.7420,0.1202,919,177
7729_2141,C5,0.016208309296309765524,OK,106.68,0.3058,0.0287,729,118
16510_6413,A0,0.018650896061643863766,OK,2312.77,617.5400,438.0800,181371,0
16510_6413,C5L,0.018650896061643863766,OK,2008.07,529.2100,390.1000,181371,0
16510_6413,C5N,0.018650900484454717432,OK,1007.48,19.0190,12.0800,57236,2158
16510_6413,C5,0.0186508916388330101,OK,907.32,19.1930,10.9340,56744,2104
15668_1509,A0,0.022688392137550660033,OK,506.81,90.8820,26.0940,18692,0
15668_1509,C5L,0.022688392137550660033,OK,406.93,86.9890,22.6000,18692,0
15668_1509,C5N,0.022688400212923346549,OK,906.72,8.8772,4.7483,16418,794
15668_1509,C5,0.022688392137550660033,OK,205.72,0.3566,0.1319,1264,38
3377_9182,A0,0.077327159563043479373,OK,2109.65,372.0800,362.8100,122725,0
3377_9182,C5L,0.077327159563043479373,OK,2111.97,379.3400,364.5100,122725,0
3377_9182,C5N,0.07732716417201344894,OK,1309.18,18.9270,19.4900,37632,1861
3377_9182,C5,0.077327154954073509807,OK,1408.32,16.0470,19.6970,37239,1802
15460_11607,A0,0.094019418457719716731,OK,3310.75,686.4100,447.5400,190765,0
15460_11607,C5L,0.094019418457719716731,OK,3411.24,738.5200,454.5400,190765,0
15460_11607,C5N,0.094019424061714429453,OK,2210.96,138.7100,38.3810,65771,2270
15460_11607,C5,0.094019418457719716731,OK,2110.13,85.1170,23.5330,53202,2139
14988_4860,A0,0.12942694413165833911,OK,3714.81,452.1500,649.6400,168925,0
14988_4860,C5L,0.12942694413165833911,OK,3715.30,470.9100,649.3100,168925,0
14988_4860,C5N,0.12942695184610583659,OK,2509.27,21.3740,40.8710,53601,2373
14988_4860,C5,0.12942694027443460425,OK,2511.76,21.1980,38.5900,52719,2289
12005_6155,A0,0.068329757972388577292,OK,105.62,9.5510,0.2762,3653,0
12005_6155,C5L,0.068329757972388577292,OK,107.20,13.1610,0.4809,3653,0
12005_6155,C5N,0.068329762962231851975,OK,105.91,0.0831,0.0007,410,5
12005_6155,C5,0.068329753899617151625,OK,105.57,0.3967,0.1575,435,65
15479_9449,A0,0.12456550291011225795,OK,206.79,34.8710,21.0480,12324,0
15479_9449,C5L,0.12456550291011225795,OK,306.20,56.1770,20.2970,12324,0
15479_9449,C5N,0.12456550642978841958,OK,205.02,2.1848,2.9787,6065,413
15479_9449,C5,0.12456549939043611019,OK,105.73,1.5812,2.3262,6041,416
3155_12168,A0,0.050820422552080579681,OK,906.79,261.0800,72.1180,79402,0
3155_12168,C5L,0.050820422552080579681,OK,910.18,249.2600,67.6360,79402,0
3155_12168,C5N,0.050820425578853335724,OK,506.59,10.1800,3.7758,22891,1310
3155_12168,C5,0.050820416498535074534,OK,106.15,0.8053,0.0936,1913,51
2199_15786,A0,0.045994290222833647541,OK,606.29,191.0900,22.7960,53735,0
2199_15786,C5L,0.045994290222833647541,OK,606.91,187.3600,21.1300,53735,0
2199_15786,C5N,0.045994295668129805965,OK,405.52,5.7124,1.5703,9041,961
2199_15786,C5,0.045994287500185568329,OK,105.48,0.3701,0.0631,1613,75
1907_16610,A0,0.036147415961710449572,OK,206.57,12.4200,9.9596,3668,0
1907_16610,C5L,0.036147415961710449572,OK,206.42,12.2110,9.4715,3668,0
1907_16610,C5N,0.036147420187651602141,OK,108.32,0.2831,0.4296,1914,46
1907_16610,C5,0.036147411735769297003,OK,108.57,0.2607,0.4187,1920,52
9947_4005,A0,0.1011456741182447383,OK,1207.20,314.4000,229.9400,90094,0
9947_4005,C5L,0.1011456741182447383,OK,1308.27,338.9300,252.6600,90094,0
9947_4005,C5N,0.10114568014699708287,OK,605.85,10.7150,19.4450,17434,1701
9947_4005,C5,0.10114567110386857296,OK,105.08,0.2012,0.8042,1851,72
13990_11953,A0,0.092980672256750093729,OK,205.85,33.2560,14.7110,17268,0
13990_11953,C5L,0.092980672256750093729,OK,204.91,31.8800,16.6610,17268,0
13990_11953,C5N,0.092980677710732789754,OK,109.31,1.1690,0.5441,9537,280
13990_11953,C5,0.092980669529758752656,OK,205.28,1.1016,0.4725,9540,279
14768_3226,A0,0.011604265794892399191,OK,205.01,35.6580,6.9854,7149,0
14768_3226,C5L,0.011604265794892399191,OK,204.52,46.6540,7.4137,7149,0
14768_3226,C5N,0.011604265794892399191,OK,205.68,0.6983,0.6980,1654,167
14768_3226,C5,0.011604254728202149233,OK,105.96,0.2369,0.1503,631,52
1081_9229,A0,0.010628848852747993514,OK,207.06,66.2110,24.2480,21767,0
1081_9229,C5L,0.010628848852747993514,OK,204.64,65.6740,23.5080,21767,0
1081_9229,C5N,0.010628848852747993514,OK,104.47,3.5812,3.6786,4245,308
1081_9229,C5,0.010628840110757299675,OK,105.92,0.5704,0.1277,1373,38
16321_7727,A0,0.037095333222417134489,OK,209.15,12.8450,42.7870,3440,0
16321_7727,C5L,0.037095333222417134489,OK,204.84,12.7250,44.0120,3440,0
16321_7727,C5N,0.037095337471040906729,OK,207.05,0.6893,3.2701,1603,80
16321_7727,C5,0.037095328973793355309,OK,205.89,1.1896,3.6479,1602,79
8124_13618,A0,0.082395823472128482123,OK,506.36,181.2200,27.4320,52114,0
8124_13618,C5L,0.082395823472128482123,OK,507.93,168.0100,24.7710,52114,0
8124_13618,C5N,0.082395828383302560649,OK,306.79,6.4924,2.7252,11497,1875
8124_13618,C5,0.082395818560954403598,OK,107.73,1.2514,0.1438,1071,121
10416_3961,A0,0.10098004173603386535,OK,407.13,38.1510,6.9380,9802,0
10416_3961,C5L,0.10098004173603386535,OK,405.04,41.7300,5.2677,9802,0
10416_3961,C5N,0.10098004474512181639,OK,2511.86,360.6900,10.2810,22794,2826
10416_3961,C5,0.10098003872694591432,OK,505.51,122.3300,0.5588,1554,86
9672_8491,A0,0.015228559332784434577,OK,107.07,20.9860,0.4542,5480,0
9672_8491,C5L,0.015228559332784434577,OK,105.11,17.2440,0.2796,5480,0
9672_8491,C5N,0.015228570225106659308,OK,105.35,0.7389,0.0658,1154,31
9672_8491,C5,0.015228559332784434577,OK,107.29,0.5336,0.0221,1099,45
1447_10455,A0,0.015122277187242638002,OK,307.31,108.5600,23.2640,30211,0
1447_10455,C5L,0.015122277187242638002,OK,305.09,110.8000,22.8000,30211,0
1447_10455,C5N,0.015122284398109756692,OK,104.84,3.0205,1.6672,5994,542
1447_10455,C5,0.015122273581809078657,OK,107.36,0.3274,0.1277,1724,56
10372_13454,A0,0.035570463814122904589,OK,110.72,38.2660,3.7375,6704,0
10372_13454,C5L,0.035570463814122904589,OK,104.42,31.3050,4.2092,6704,0
10372_13454,C5N,0.035570468054453130424,OK,106.44,3.4016,1.3698,3978,675
10372_13454,C5,0.035570455333462452918,OK,105.23,0.5010,0.1346,1147,73
11031_9812,A0,0.091129423634187509129,OK,108.58,19.3370,5.6631,3453,0
11031_9812,C5L,0.091129423634187509129,OK,106.11,13.7260,5.0168,3453,0
11031_9812,C5N,0.091129426189819145998,OK,105.37,0.5253,0.5155,1417,76
11031_9812,C5,0.091129418522924221513,OK,107.96,0.4339,0.4431,1415,79
4050_9982,A0,0.037635859078431269098,OK,1506.60,276.6000,172.5000,76057,0
4050_9982,C5L,0.037635859078431269098,OK,1508.66,267.3300,175.4900,76057,0
4050_9982,C5N,0.037635863104844950733,OK,1005.91,10.1120,12.2030,27123,1974
4050_9982,C5,0.037635859078431269098,OK,1006.92,8.6223,10.4280,26494,1757
6898_3181,A0,0.018742910893189516919,OK,305.45,22.4960,8.1651,8756,0
6898_3181,C5L,0.018742910893189516919,OK,305.45,22.4520,8.1071,8756,0
6898_3181,C5N,0.018742915301647289361,OK,204.91,0.8779,0.4713,3876,151
6898_3181,C5,0.018742906484731744476,OK,205.40,0.8882,0.4950,3849,144
7536_10837,A0,0.05212868449475654975,OK,606.87,72.7130,39.7220,16972,0
7536_10837,C5L,0.05212868449475654975,OK,605.99,69.6780,39.6830,16972,0
7536_10837,C5N,0.05212868760161439019,OK,507.95,38.1310,3.3186,6259,301
7536_10837,C5,0.052128681387898716248,OK,506.65,33.8380,3.4769,6184,268
8338_1797,A0,0.021329753256708709752,OK,104.84,10.8380,0.1950,3475,0
8338_1797,C5L,0.021329753256708709752,OK,104.86,13.6870,0.2252,3475,0
8338_1797,C5N,0.021329757298015221412,OK,104.92,0.1479,0.0008,416,9
8338_1797,C5,0.021329748171298033854,OK,105.28,1.2872,0.1489,415,63
12534_10431,A0,0.063117192089695600687,OK,306.12,77.4750,32.4370,21009,0
12534_10431,C5L,0.063117192089695600687,OK,405.30,85.8570,34.8930,21009,0
12534_10431,C5N,0.063117192089695600687,OK,208.99,3.7071,3.8166,4755,624
12534_10431,C5,0.063117184565539524721,OK,105.65,1.0547,0.6102,1893,76
7487_10296,A0,0.016258997137567982039,OK,1107.91,178.9500,213.3000,67331,0
7487_10296,C5L,0.016258997137567982039,OK,1106.18,180.7800,227.2700,67331,0
7487_10296,C5N,0.01625900057098413759,OK,705.65,8.5079,16.5450,26535,1593
7487_10296,C5,0.016258993704151826487,OK,609.91,7.2788,15.7840,25964,1430
9122_10551,A0,0.062851231830833187431,OK,1007.77,178.5900,119.9600,67489,0
9122_10551,C5L,0.062851231830833187431,OK,1006.05,185.2200,122.9900,67489,0
9122_10551,C5N,0.062851235577058989223,OK,705.53,7.2304,13.2100,23228,1307
9122_10551,C5,0.062851228084607399516,OK,705.33,6.8471,10.5450,22997,1247
8799_1162,A0,0.25394965770928390469,OK,407.11,151.9200,37.9700,45071,0
8799_1162,C5L,0.25394965770928390469,OK,409.36,151.9900,37.4720,45071,0
8799_1162,C5N,0.25394965770928390469,OK,406.61,245.2400,6.7224,17265,409
8799_1162,C5,0.25394965019310705712,OK,205.32,58.7300,3.2655,15389,78
8443_14324,A0,0.068682978213655571098,OK,104.77,14.5180,9.8118,4389,0
8443_14324,C5L,0.068682978213655571098,OK,205.34,17.5970,9.8722,4389,0
8443_14324,C5N,0.068682982203882511629,OK,105.05,0.4188,0.3944,1412,89
8443_14324,C5,0.068682974223428630567,OK,104.35,0.5380,0.4536,1418,85
4237_6595,A0,0.029422841437853210211,OK,905.85,126.8200,90.0890,33024,0
4237_6595,C5L,0.029422841437853210211,OK,906.09,126.6000,83.3020,33024,0
4237_6595,C5N,0.029422841437853210211,OK,905.97,7.1723,13.5480,15997,739
4237_6595,C5,0.029422834422900320805,OK,305.89,0.6641,0.6442,4018,60
4850_5651,A0,0.077264318310935747869,OK,2110.71,196.8800,72.4400,197529,0
4850_5651,C5L,0.077264318310935747869,OK,2111.71,195.9300,68.6480,197529,0
4850_5651,C5N,0.07726432353667284092,OK,1809.18,7.0955,3.1292,156520,859
4850_5651,C5,0.077264313085198627062,OK,1908.03,5.6723,2.8123,156493,859
9757_14713,A0,0.057372812721619363685,OK,205.54,37.4380,5.3741,8665,0
9757_14713,C5L,0.057372812721619363685,OK,205.48,36.9900,5.9785,8665,0
9757_14713,C5N,0.057372816134573650926,OK,106.11,0.6178,0.5126,2446,80
9757_14713,C5,0.057372809308665076444,OK,104.81,0.5638,0.4244,2446,80
526_8243,A0,0.033143426193764341514,OK,204.87,48.9380,2.0494,6686,0
526_8243,C5L,0.033143426193764341514,OK,205.80,44.6900,1.3828,6686,0
526_8243,C5N,0.033143434095774811088,OK,107.39,0.7218,0.1725,747,98
526_8243,C5,0.033143422242759110197,OK,106.29,0.5978,0.1724,759,110
13981_8360,A0,0.0097148168872790811867,OK,104.87,10.1440,3.8195,4219,0
13981_8360,C5L,0.0097148168872790811867,OK,105.91,12.9180,3.6796,4219,0
13981_8360,C5N,0.0097148201438151168124,OK,105.91,0.4891,0.5637,2626,110
13981_8360,C5,0.0097148103742070116701,OK,106.11,0.5205,0.3927,2629,109
8964_2372,A0,0.087466335657087918021,OK,206.68,52.9750,3.0829,12451,0
8964_2372,C5L,0.087466335657087918021,OK,205.14,52.6920,2.9313,12451,0
8964_2372,C5N,0.087466335657087918021,OK,106.29,1.3756,0.2176,2265,270
8964_2372,C5,0.087466325236395359166,OK,105.23,0.2140,0.0497,553,49
14764_14900,A0,0.038296139005956311707,OK,104.97,2.1673,0.0133,724,0
14764_14900,C5L,0.038296139005956311707,OK,106.60,3.8952,0.0266,724,0
14764_14900,C5N,0.038296139005956311707,OK,105.65,0.1068,0.0009,358,6
14764_14900,C5,0.038296132054383896781,OK,104.73,0.1440,0.0203,433,51
11485_8383,A0,0.076342947522176587971,OK,606.40,153.2100,46.8160,71725,0
11485_8383,C5L,0.076342947522176587971,OK,606.10,168.7200,47.6790,71725,0
11485_8383,C5N,0.07634295153472589468,OK,405.84,6.4757,3.4655,33483,1223
11485_8383,C5,0.076342943509627281262,OK,405.36,7.2539,3.6617,33472,1225
15431_2666,A0,0.013926035825554475278,OK,205.99,45.7900,12.7840,10504,0
15431_2666,C5L,0.013926035825554475278,OK,204.96,46.5340,13.0290,10504,0
15431_2666,C5N,0.01392603914578094057,OK,106.31,0.9838,0.3403,2416,158
15431_2666,C5,0.013926029185101544694,OK,105.03,0.2104,0.1307,906,52
6626_15161,A0,0.0097504605062246792191,OK,316.14,13.2980,15.4890,3318,0
6626_15161,C5L,0.0097504605062246792191,OK,308.68,13.8660,15.6540,3318,0
6626_15161,C5N,0.009750464943270076984,OK,306.08,0.7510,2.1095,1811,49
6626_15161,C5,0.0097504605062246792191,OK,305.64,0.7842,2.6268,1802,48
3482_8920,A0,0.049497635713319124151,OK,1407.95,308.1600,334.6200,81656,0
3482_8920,C5L,0.049497635713319124151,OK,1314.96,292.3000,321.2300,81656,0
3482_8920,C5N,0.049497641613898170354,OK,1209.44,32.5980,31.3270,28993,2132
3482_8920,C5,0.049497635713319124151,OK,209.26,0.4340,1.0541,2049,67
10611_8115,A0,0.181455078944540521,OK,1006.61,240.7200,195.7900,82209,0
10611_8115,C5L,0.181455078944540521,OK,1007.72,248.9500,193.2200,82209,0
10611_8115,C5N,0.18145508432636520135,OK,505.74,10.8050,14.3890,24959,2109
10611_8115,C5,0.1814550735627158129,OK,505.24,11.0830,14.0840,24953,2092
2159_15252,A0,0.076644102658433077568,OK,1707.63,316.8400,239.6000,101526,0
2159_15252,C5L,0.076644102658433077568,OK,1710.14,303.3200,237.4900,101526,0
2159_15252,C5N,0.07664410721897255141,OK,1108.40,12.6640,14.9660,34758,1944
2159_15252,C5,0.076644098097893603727,OK,1107.37,11.3130,13.8610,34457,1862
650_3213,A0,0.020050879961018824166,OK,906.27,180.5600,183.7100,57851,0
650_3213,C5L,0.020050879961018824166,OK,806.76,166.5600,164.1300,57851,0
650_3213,C5N,0.020050884699932665367,OK,505.64,7.9899,18.2350,20089,1464
650_3213,C5,0.020050875222104982964,OK,505.56,8.3791,24.9450,19798,1413
16446_8083,A0,0.010916425698595352139,OK,205.28,42.1220,18.2280,10756,0
16446_8083,C5L,0.010916425698595352139,OK,208.94,46.3950,20.3600,10756,0
16446_8083,C5N,0.010916428300255550179,OK,205.69,1.3129,2.3845,3252,146
16446_8083,C5,0.010916423096935155834,OK,204.83,0.8034,2.7868,3211,150
7208_16050,A0,0.077062968685064625607,OK,1812.81,340.6300,152.5800,106819,0
7208_16050,C5L,0.077062968685064625607,OK,1820.58,346.9700,163.1500,106819,0
7208_16050,C5N,0.077062973278347296491,OK,1209.87,13.3090,10.4480,33493,1857
7208_16050,C5,0.077062964091781954723,OK,1207.95,12.5040,9.2071,33076,1787
12879_14735,A0,0.058357588503567398019,OK,305.31,38.5860,11.4870,10690,0
12879_14735,C5L,0.058357588503567398019,OK,304.89,43.0920,11.0390,10690,0
12879_14735,C5N,0.058357591924788704274,OK,1006.64,13.3950,13.0590,19307,3323
12879_14735,C5,0.05835758166112478551,OK,204.63,0.7870,0.3541,4412,102
12021_1782,A0,0.062937286533477007633,OK,405.86,99.4100,19.4400,28222,0
12021_1782,C5L,0.062937286533477007633,OK,305.20,97.2990,20.7530,28222,0
12021_1782,C5N,0.062937294036187113599,OK,309.58,6.0817,3.2846,8919,1019
12021_1782,C5,0.062937282782121961588,OK,104.66,0.3891,0.2131,1929,69
3085_6631,A0,0.011451255735040903605,OK,709.84,153.7100,97.7140,51641,0
3085_6631,C5L,0.011451255735040903605,OK,707.36,161.6900,106.4700,51641,0
3085_6631,C5N,0.011451261167907868938,OK,408.14,5.7071,4.8003,16014,1114
3085_6631,C5,0.011451250302173938272,OK,306.37,6.1282,4.4102,15766,1040
11547_10186,A0,0.056850903216328907419,OK,205.87,0.0000,0.0000,54,0
11547_10186,C5L,0.056850903216328907419,OK,205.52,0.0000,0.0000,54,0
11547_10186,C5N,0.056850903216328907419,OK,205.42,0.0000,0.0000,54,0
11547_10186,C5,0.056850903216328907419,OK,206.96,0.0000,0.0000,54,0
9325_424,A0,0.034253697127645615916,OK,606.60,161.4400,98.8960,45834,0
9325_424,C5L,0.034253697127645615916,OK,606.61,175.0700,107.2400,45834,0
9325_424,C5N,0.034253704457118352988,OK,304.99,5.4172,6.7402,15088,897
9325_424,C5,0.034253693462909254319,OK,307.75,5.1214,6.9156,15014,891
9038_15,A0,0.021164010814078454414,OK,1207.74,273.1100,125.3500,80851,0
9038_15,C5L,0.021164010814078454414,OK,1207.32,254.5700,122.9100,80851,0
9038_15,C5N,0.021164013337026051781,OK,710.14,7.6882,12.5000,26089,1278
9038_15,C5,0.021164008291130860517,OK,708.49,7.7547,11.0760,25436,1151
